ensembl	Protein	mw	LAHT	LAHT_fraction
YDR011W	P32568	168767	25.979905705	2.72881049572747E-07
YOL093W	Q12400	34520	42.484401258	4.46236723773851E-07
YFR007W	P43591	39885	55.58928882	5.83884470192082E-07
YJL213W	P40896	35905	58.410894243	6.1352132330661E-07
YER171W	P06839	89786	64.200960577	6.74337532428327E-07
YMR259C	Q03496	163577	64.473462495	6.77199767966776E-07
YHR154W	P38850	123017	68.022036771	7.14472369488782E-07
YEL003W	P40005	12994	75.409840116	7.92070477569392E-07
YOL090W	P25847	108884	77.133506047	8.10175076319861E-07
YDL053C	Q07362	19881	98.052148363	1.02989492964205E-06
YPR021C	Q12482	104304	107.367566787	1.12773982506295E-06
YBR044C	P38228	64252	118.85069053	1.2483533059179E-06
YER149C	P40091	48165	121.793884875	1.27926727346959E-06
YNL041C	P53959	96976	131.46411798	1.38083898005194E-06
YLR321C	Q06168	48777	137.39047543	1.44308672873365E-06
YER008C	P33332	154695	149.26415075	1.56780238476407E-06
YNL127W	P53917	109793	157.09719077	1.65007705528343E-06
YPR112C	Q06106	101120	166.06332301	1.74425320834731E-06
YGL094C	P53010	127039	167.65005582	1.76091952421084E-06
YLR071C	P19263	123358	169.13124293	1.77647723630495E-06
YKL173W	P36048	114041	169.18201469	1.77701051965535E-06
YLR305C	P37297	214607	169.83913635	1.78391262508691E-06
YCR054C	P25355	65206	171.69571562	1.80341328477233E-06
YML091C	Q02773	139348	185.12758069	1.94449545341607E-06
YER157W	P40094	92544	188.42126784	1.97909083711999E-06
YNL310C	P42844	19855	190.82547757	2.00434355673972E-06
YPR097W	Q06839	123084	197.51015479	2.07455634952509E-06
YDL095W	P33775	92675	204.81463639	2.15127928409714E-06
YOL094C	P40339	36149	217.07873902	2.28009581005929E-06
YLR335W	P32499	77881	225.66387376	2.37027013960367E-06
YCR015C	P25616	36278	226.60187953	2.38012252328548E-06
YKL207W	P36039	28352	232.19759576	2.43889736778616E-06
YGL095C	P38932	67017	235.559532	2.47420960872287E-06
YPL043W	P37838	77825	237.04165433	2.4897771439402E-06
YIL126W	P32597	156743	238.49911189	2.50508561169203E-06
YDR321W	P38986	41395	240.34936042	2.52451977617938E-06
YOR112W	Q12453	84769	241.20722171	2.53353035889131E-06
YFL053W	P43550	62135	246.47928188	2.58890566813746E-06
YJR046W	P47112	68405	247.66070498	2.60131479614502E-06
YML010W	P27692	115650	250.44715696	2.63058241356905E-06
YGL129C	Q01163	50867	254.37905636	2.67188128690869E-06
YLL021W	P23201	163143	255.17557182	2.68024752107419E-06
YER166W	P32660	177798	256.80127993	2.6973232156665E-06
YLR262C	Q99260	24413	258.52374132	2.71541516246912E-06
YDR167W	Q12030	23019	263.24165946	2.76497001722726E-06
YDR251W	P37304	92872	263.5056502	2.76774285524394E-06
YHR083W	P14693	37404	280.1875258	2.94296164834733E-06
YPL110C	Q02979	138014	280.89865492	2.95043102344249E-06
YJR122W	P47158	57055	286.0832169	3.00488729171158E-06
YNL087W	P48231	132509	289.11603396	3.03674261527943E-06
YJR078W	P47125	50775	290.10267949	3.04710588875855E-06
YPL217C	Q08965	135571	293.59945628	3.08383443317329E-06
YJR031C	P47102	159437	294.87489577	3.09723106635009E-06
YOR153W	P33302	170438	298.42387653	3.13450793739416E-06
YPR135W	Q01454	104425	300.81641746	3.15963809327453E-06
YBR260C	P38339	74619	300.97731391	3.16132807601146E-06
YNR051C	P53741	57674	311.27137574	3.26945219426015E-06
YGL145W	P33891	81167	311.42643779	3.2710808951274E-06
YNL166C	P53890	49694	314.30126429	3.30127675809809E-06
YJR003C	P47084	59766	314.86536614	3.30720182598101E-06
YJL011C	P47076	18596	324.2053295	3.40530453018587E-06
YDR122W	P13185	120071	324.55905651	3.40901991694851E-06
YLR241W	Q06538	89344	325.4282005	3.41814900798195E-06
YPL232W	P32867	33106	327.00691673	3.43473112135494E-06
YGR220C	P31334	29790	329.11599643	3.45688393009503E-06
YCR087C-A	P37263	17738	329.26136685	3.45841083451251E-06
YKR092C	P32583	41015	331.53287349	3.48226970155664E-06
YDR108W	P46944	80495	332.80711919	3.49565379570917E-06
YKR043C	P36136	31022	338.97591741	3.56044803137693E-06
YGL169W	P32579	46538	353.79688942	3.71612074411502E-06
YKL214C	P36036	23778	359.87313791	3.77994287973951E-06
YPL030W	Q02648	64855	361.37796448	3.79574888991173E-06
YJL042W	P43638	155207	368.69199263	3.87257209707959E-06
YJL069C	P40362	66424	373.93733637	3.92766678916177E-06
YDR139C	Q03919	8693	383.74019346	4.03063151743698E-06
YOR035C	P51534	89553	388.12154966	4.07665127947861E-06
YNL027W	P53968	76301	390.77015562	4.10447102534206E-06
YLL040C	Q07878	357849	391.16699622	4.1086392575393E-06
YDR405W	P32387	30566	391.33327285	4.11038575122673E-06
YHR108W	P38817	64347	392.84230518	4.12623593677881E-06
YIL091C	P40498	83991	401.01563853	4.21208489282897E-06
YPL101W	Q02884	51156	411.98383551	4.32728981842833E-06
YDL025C	Q12100	69615	419.46399638	4.40585800771879E-06
YKL215C	P28273	140428	422.97124506	4.44269654407756E-06
YLR292C	P39742	21607	434.73763177	4.5662852896089E-06
YPL188W	Q06892	46247	438.79227145	4.60887337072364E-06
YIL027C	P40540	15907	441.39198259	4.63617954775617E-06
YDL019C	Q12451	145796	443.27193612	4.65592571998018E-06
YLL003W	Q12369	112979	444.49315664	4.66875286188906E-06
YKL063C	P35725	19004	452.98761417	4.75797475948399E-06
YLR309C	Q06704	105225	461.94044598	4.8520112109131E-06
YMR028W	Q04372	42568	464.75375414	4.8815609133712E-06
YKR003W	Q02201	51588	465.13135669	4.88552707788833E-06
YFL047W	P43556	82209	465.73965711	4.89191638733964E-06
YNL292W	P48567	45273	470.2516572	4.93930837306169E-06
YNR054C	P53743	36408	477.11034774	5.01134892218846E-06
YPL126W	Q02931	101237	482.58704416	5.06887363702964E-06
YDR295C	Q06629	77059	482.7178746	5.07024782014595E-06
YLR226W	Q05949	45721	497.53663323	5.22589728455264E-06
YBR192W	P38127	42102	498.30999101	5.23402028103685E-06
YLR129W	Q12220	106342	503.8081022	5.29176992682968E-06
YOL033W	P48525	61603	510.24631138	5.35939393202648E-06
YER080W	P40053	72414	523.85737716	5.50235834298411E-06
YDL040C	P12945	98905	526.98568221	5.53521662873468E-06
YNL297C	P48563	186836	529.9633053	5.56649222008045E-06
YGR189C	P53301	52758	531.51553026	5.58279608126714E-06
YGR245C	P53313	86618	535.00920252	5.61949201711839E-06
YJL074C	P47037	141336	535.14496139	5.62091796620978E-06
YOR341W	P10964	186432	538.34801293	5.65456135491163E-06
YOL004W	P22579	174839	542.61055212	5.69933311741222E-06
YGL049C	P39936	103899	553.27123644	5.8113080706487E-06
YLR045C	P46675	100918	553.47256744	5.81342275940913E-06
YPL067C	Q02754	22776	553.6591606	5.81538264863745E-06
YJL125C	P46959	43920	555.83900502	5.83827873763751E-06
YGL231C	P53073	21460	562.02195088	5.90322157364648E-06
YOR069W	Q92331	76484	563.64059297	5.92022304999582E-06
YGR012W	P53206	42801	565.6126866	5.9409370196969E-06
YPL183C	Q08924	114461	572.11263057	6.0092094588981E-06
YGR232W	P50086	25616	572.99969428	6.01852677047619E-06
YDR412W	Q04031	27974	573.14560043	6.0200593019566E-06
YJL165C	P38970	95455	573.64117096	6.02526454819187E-06
YDR375C	P32839	51107	575.08756708	6.04045683163606E-06
YJR002W	P47083	66953	575.57273345	6.04555279733225E-06
YNR015W	P53720	42816	576.12980126	6.0514039828755E-06
YGR252W	Q03330	51069	580.48117088	6.09710877959291E-06
YNR029C	P53729	48122	581.46723479	6.10746594400151E-06
YBL037W	P38065	115012	586.98574467	6.1654298483063E-06
YNL256W	P53848	93120	590.17506977	6.19892906075914E-06
YPR105C	Q06096	98666	594.66420468	6.24608088108614E-06
YDR293C	P24276	139954	609.28322299	6.39963236450774E-06
YBR251W	P33759	34883	615.08191485	6.46053917221032E-06
YPL116W	Q02959	79200	616.65177379	6.47702825265937E-06
YDR166C	P89102	112121	618.72387759	6.49879268345401E-06
YPR025C	P37366	45210	620.0268581	6.51247859491107E-06
YJL049W	P47048	52849	623.80753695	6.55218911674283E-06
YBR281C	P38149	98071	641.58148613	6.73887855135297E-06
YER127W	P40079	40794	641.96372305	6.74289339317339E-06
YLR382C	P11325	101920	650.76315122	6.83531856291554E-06
YPR133C	Q06505	46082	655.11724226	6.88105194418419E-06
YNR003C	P32910	36135	657.88196916	6.91009137130224E-06
YEL051W	P32610	29194	659.37036568	6.9257248077423E-06
YMR212C	Q03653	89191	668.19405484	7.01840480382948E-06
YEL050C	P32611	43786	669.41181749	7.03119562585307E-06
YKR006C	Q02204	30271	675.72561446	7.09751286208658E-06
YMR004W	P40959	59657	679.29759846	7.13503134864481E-06
YBR017C	P38217	103681	680.81693368	7.15098975104219E-06
YMR067C	P54730	46965	687.72556268	7.22355483091721E-06
YGL014W	P25339	97798	689.39101179	7.24104794680097E-06
YIL035C	P15790	44668	691.61240915	7.26438048888169E-06
YML031W	P32500	74134	705.93858426	7.41485608124026E-06
YCL011C	P25555	48729	711.61596051	7.47448864524996E-06
YLR106C	Q12019	559308	713.96262171	7.49913690142606E-06
YNL129W	P53915	27690	716.22088694	7.52285668675451E-06
YGR148C	P24000	17548	720.30893571	7.56579568167347E-06
YIL127C	P40470	23845	720.55082814	7.56833640914692E-06
YBR102C	P38261	85538	724.7048783	7.61196865248568E-06
YJR129C	P47163	39024	733.57994541	7.70518829906581E-06
YJL031C	Q00618	39675	734.32746738	7.71303992801584E-06
YDR080W	P38959	113412	737.28122975	7.74406489726963E-06
YDR097C	Q03834	140080	737.84799075	7.75001789564819E-06
YKR038C	P36132	42748	739.61433299	7.7685707468336E-06
YPL084W	P48582	97276	739.92117615	7.77179368707464E-06
YFR033C	P00127	17257	741.55817593	7.78898798420524E-06
YDL101C	P39009	58633	758.79931725	7.97008104869347E-06
YJL128C	P08018	72720	762.17485643	8.00553616869165E-06
YDL031W	Q12389	112946	766.10593319	8.0468264013969E-06
YPR144C	Q06512	63637	767.78336557	8.0644453840691E-06
YBR288C	P38153	54837	783.14510664	8.22579808773344E-06
YKR056W	P33753	72852	786.54458402	8.26150464363809E-06
YDL002C	Q03435	23857	788.99943512	8.28728927705128E-06
YMR152W	P28625	41637	797.84783689	8.38022884309345E-06
YML121W	Q00582	35847	800.40401038	8.40707772055904E-06
YCL039W	P25569	84517	804.30308712	8.448031839687E-06
YJR130C	P47164	72351	805.56662992	8.4613035154721E-06
YBL090W	P38175	20395	806.46863557	8.47077777035537E-06
YGL039W	P53183	38259	807.30834197	8.47959766240451E-06
YDR092W	P52490	17468	810.28261808	8.51083809860285E-06
YKL047W	P36090	58895	817.87239859	8.59055768246558E-06
YLR409C	Q06078	104791	826.62804419	8.68252298011311E-06
YDR324C	Q06679	87801	827.93232587	8.69622255846487E-06
YLL048C	P32386	189162	831.85390457	8.7374130278911E-06
YBL004W	P35194	287560	832.35214738	8.74264634253353E-06
YIL068C	P32844	93428	833.05228227	8.75000023926414E-06
YDL112W	Q07527	165048	834.23088697	8.76237976408688E-06
YJL145W	P47008	34388	836.75569211	8.78889916274802E-06
YKL159C	P36054	24135	838.34026822	8.80554282562096E-06
YIL005W	P40557	81219	839.01402819	8.81261969225248E-06
YGL156W	P22855	124499	840.77738147	8.83114114876882E-06
YDR051C	Q99288	39172	842.66819689	8.85100140931852E-06
YOR250C	Q08685	50226	854.02167539	8.97025315582449E-06
YOR059C	Q08448	51106	860.09422382	9.03403642771069E-06
YER099C	P38620	34765	861.00701063	9.04362392296865E-06
YLR148W	P27801	107398	862.81711477	9.06263642914045E-06
YBL078C	P38182	13627	863.55020726	9.07033649743079E-06
YKR060W	P36144	31616	866.34307942	9.09967154948976E-06
YMR267W	P28239	35573	868.71252806	9.1245591545155E-06
YFR041C	P43613	34191	874.64440284	9.18686485470859E-06
YDL148C	Q99207	94302	881.56990415	9.25960715361256E-06
YOR116C	P04051	162301	882.36849233	9.26799515868115E-06
YOR124C	Q01476	146355	888.43381328	9.33170251642236E-06
YKL057C	P35729	120448	890.74457069	9.35597365560619E-06
YER151C	Q01477	101917	898.96992588	9.44236902527545E-06
YNR032C-A	Q6Q546	8272	899.02728994	9.44297155113055E-06
YCR035C	P25359	44011	901.96859259	9.47386564918298E-06
YMR124W	P39523	105914	902.61787486	9.48068541324673E-06
YOR212W	P18851	46581	902.72616486	9.48182284188846E-06
YDR172W	P05453	76551	906.71981153	9.52377028031671E-06
YGL223C	P53079	48337	908.22331535	9.53956239692779E-06
YDR171W	Q12329	42817	913.67663751	9.59684159923039E-06
YBL105C	P24583	131477	921.3376822	9.67730970945254E-06
YIL063C	P40517	36054	923.71155734	9.70224380841015E-06
YOR281C	Q12017	32793	927.8909237	9.74614196153725E-06
YGR261C	P46682	91607	929.97216299	9.76800234734142E-06
YOL125W	Q12383	54095	933.44606628	9.80449063897163E-06
YPL132W	P19516	34044	936.68313856	9.83849136596962E-06
YNR052C	P39008	49682	938.75993796	9.86030511719948E-06
YGR229C	P32566	57079	941.98486473	9.89417827331427E-06
YHR072W-A	Q6Q547	6636	946.48531874	9.94144898429173E-06
YPL208W	Q08961	67178	948.44447711	9.96202708793673E-06
YNL026W	P53969	54406	951.70832068	9.99630900832305E-06
YMR228W	P14908	39727	961.89537327	1.01033091504474E-05
YOR111W	Q99210	26477	965.72136232	1.01434955899007E-05
YMR049C	Q04660	91705	968.0654334	1.01681166406408E-05
YHR187W	P38874	35220	969.12975939	1.01792958341504E-05
YPR161C	P23293	74239	977.5464283	1.02677006756516E-05
YER123W	P39962	60261	988.52702364	1.0383035827955E-05
YHL013C	P38747	36113	988.63602916	1.03841807720916E-05
YHR062C	P38786	32224	993.95154001	1.04400124674116E-05
YKR085C	P22354	22392	1007.87316006	1.05862387984127E-05
YCL031C	P25368	34470	1015.79038782	1.06693977384561E-05
YLR186W	Q06287	27895	1036.73757889	1.08894174548357E-05
YBL055C	P34220	47390	1037.23990032	1.08946936094375E-05
YPL227C	P40350	38347	1038.1088471	1.09038206290673E-05
YKR025W	P36121	32142	1042.46247742	1.09495491711437E-05
YGR215W	P53305	12393	1042.83241309	1.09534348062592E-05
YLL036C	P32523	56570	1043.72322353	1.09627914717759E-05
YBR280C	P38352	70495	1048.42301967	1.10121559813328E-05
YDR257C	Q12504	57289	1049.46443719	1.1023094554749E-05
YBR003W	P18900	52560	1057.93603019	1.11120762937762E-05
YOL145C	P89105	124709	1062.5958447	1.11610208545742E-05
YPR128C	Q06497	36367	1066.57113355	1.12027754708557E-05
YMR304W	P50101	143564	1066.88338978	1.12060552675088E-05
YNR013C	P27514	99490	1069.11093588	1.12294523931428E-05
YCR072C	P25382	57026	1072.78014441	1.12679920817058E-05
YNL177C	P53881	34897	1081.7799811	1.13625222509003E-05
YLR083C	P32802	75963	1081.86353639	1.13633998774587E-05
YLR222C	Q05946	91032	1086.47290583	1.14118145863087E-05
YJL197W	P39538	143192	1088.04116187	1.14282868306291E-05
YOR357C	Q08826	18770	1088.08879114	1.14287871067015E-05
YLR055C	P38915	66190	1091.83167314	1.14681006277044E-05
YMR115W	Q04472	58004	1096.12285406	1.15131732298398E-05
YPL214C	P41835	58059	1099.88907366	1.15527318783214E-05
YER164W	P32657	168241	1102.48393034	1.15799870663259E-05
YHR198C	P38884	36502	1104.08154896	1.15967677217599E-05
YMR029C	Q05040	59301	1111.09292827	1.1670412043906E-05
YJL039C	P47054	191535	1113.84540813	1.16993228337161E-05
YDR335W	P52918	142118	1114.35848433	1.17047119515042E-05
YOL076W	Q12387	92809	1123.53102524	1.18010561268523E-05
YAR002W	P39705	59039	1126.25168643	1.18296327079026E-05
YFR016C	P43597	137698	1126.48385343	1.18320712839066E-05
YKR024C	P36120	83308	1127.5324931	1.18430857154839E-05
YLR276C	Q06218	68060	1145.62672705	1.203313927486E-05
YOL123W	Q99383	59650	1151.77313836	1.20976983686621E-05
YPR047W	P08425	54829	1153.79929613	1.21189802033676E-05
YDL212W	Q02774	23512	1154.75845368	1.21290547556743E-05
YKR082W	P36161	133321	1170.867607	1.229825793584E-05
YKL077W	P36081	46036	1173.6746385	1.23277417111316E-05
YJL012C	P47075	83155	1174.62346508	1.23377077516536E-05
YNL313C	P42842	102336	1180.48601164	1.23992852599258E-05
YLR085C	Q12509	50044	1181.71940757	1.24122402867738E-05
YGL101W	P53144	25297	1182.08280723	1.2416057270629E-05
YJR025C	P47096	20235	1184.72187158	1.24437767957842E-05
YNL284C	P36520	36347	1185.14671288	1.24482391345302E-05
YMR061W	P25298	79960	1189.01007381	1.24888181111219E-05
YMR158W	Q03799	17471	1189.23685231	1.24912000887858E-05
YOR207C	P22276	129456	1189.40122496	1.24929265839379E-05
YLL034C	Q07844	93069	1192.47202867	1.25251809019071E-05
YLR455W	Q06188	35508	1200.93639952	1.26140867827731E-05
YJR022W	P47093	12385	1201.44276174	1.26194053799854E-05
YPR035W	P32288	41766	1201.86275716	1.26238168198238E-05
YGL059W	P53170	57294	1220.71117766	1.28217920098507E-05
YKL194C	P07236	54092	1226.13169419	1.2878726636817E-05
YER042W	P40029	21141	1240.72792025	1.30320387208669E-05
YJL029C	P47061	95449	1240.90749705	1.30339249134582E-05
YIR001C	P40561	28954	1243.08768259	1.30568245854268E-05
YLR050C	Q12155	19089	1243.94709946	1.30658515072397E-05
YIR022W	P15367	18762	1253.02508643	1.31612025312391E-05
YJL050W	P47047	122055	1258.34406204	1.32170706188138E-05
YKR062W	P36145	36985	1259.76864104	1.32320337452059E-05
YPR189W	P17883	163726	1264.06900347	1.32772027857239E-05
YBR110W	P16661	51929	1264.53310451	1.32820774908264E-05
YGL027C	P53008	96507	1265.71983512	1.3294542366492E-05
YJL053W	P40335	42547	1267.62777232	1.33145824663895E-05
YOR108W	Q12166	67200	1286.04728356	1.35080525896787E-05
YKR028W	P36123	117098	1291.82281319	1.35687161119088E-05
YHR077C	P38798	126747	1293.28213989	1.35840442122525E-05
YFR006W	P43590	61754	1300.8338187	1.36633635932814E-05
YHR100C	P38812	20945	1306.7064751	1.372504729069E-05
YOR145C	Q99216	30332	1309.8504302	1.37580699574094E-05
YDR117C	Q04600	63992	1318.575869	1.38497179766425E-05
YNL264C	P53844	40678	1330.9324925	1.39795062995157E-05
YDR268W	P04803	43015	1339.5601427	1.40701271920107E-05
YHL030W	P38737	210431	1343.1473783	1.41078058744012E-05
YML112W	P46963	34809	1348.4147365	1.41631317963045E-05
YPL009C	Q12532	119069	1350.3648275	1.41836146604413E-05
YKR008W	Q02206	72291	1354.8360696	1.4230578542874E-05
YMR196W	Q04336	126624	1356.1728765	1.42446197512637E-05
YOR132W	P32913	63204	1359.1824298	1.42762307229344E-05
YAR002C-A	Q05359	24723	1364.3993636	1.4331027009998E-05
YPR048W	Q12181	72328	1371.1167743	1.44015836202891E-05
YDR121W	Q04603	21997	1374.9706672	1.44420631490231E-05
YNL118C	P53550	108667	1381.0615728	1.45060392362287E-05
YLR380W	Q06705	47463	1398.9042041	1.46934500764207E-05
YHL029C	P38738	77756	1404.6434428	1.47537324153171E-05
YPL228W	O13297	61850	1408.4724888	1.47939509635754E-05
YGL082W	P53155	43321	1408.5203756	1.47944539446252E-05
YPL266W	P41819	35951	1415.163633	1.48642316825615E-05
YOR150W	Q12487	18463	1415.8796808	1.48717527212222E-05
YER048W-A	Q6Q560	11266	1420.5742031	1.49210618367753E-05
YBR006W	P38067	54189	1425.2314427	1.4969979351896E-05
YDL115C	Q07532	40640	1430.3337659	1.50235718216257E-05
YNL100W	P50945	26960	1436.2476141	1.50856881788656E-05
YGR266W	P53326	81191	1437.4635561	1.50984598776141E-05
YHR158C	P38853	131094	1437.5939487	1.50998294618593E-05
YNL232W	P53859	31583	1447.3430595	1.52022296636812E-05
YJL148W	P47006	26875	1460.0621841	1.53358255323462E-05
YDL190C	P54860	109916	1460.3144049	1.53384747442952E-05
YHR085W	P38803	37867	1460.3393246	1.53387364894289E-05
YGR173W	P53295	41006	1466.3584741	1.54019588833723E-05
YGL119W	P27697	56742	1475.4645659	1.54976051076545E-05
YDR021W	Q12099	45213	1486.5613308	1.56141604518947E-05
YDR060W	Q12176	116677	1492.5372072	1.56769283249834E-05
YDR303C	Q06639	101720	1497.7146509	1.57313098260944E-05
YAL014C	P31377	29049	1500.2942123	1.57584043594719E-05
YCL016C	P25559	44074	1508.6731465	1.58464128528344E-05
YEL032W	P24279	107518	1508.6751095	1.58464334712888E-05
YCR052W	P25632	54165	1509.7096664	1.58572999838897E-05
YLR396C	P20795	79271	1515.650383	1.5919698554517E-05
YGL232W	P53072	33550	1522.0167937	1.59865684213115E-05
YNL312W	P26754	29936	1523.3536682	1.60006103397406E-05
YJL033W	P20448	87193	1529.5738081	1.60659438449379E-05
YLR104W	Q08045	14922	1535.193309	1.61249685127361E-05
YGL201C	P53091	112978	1542.393775	1.62005989150095E-05
YPL001W	Q12341	43873	1542.9099088	1.62060201484298E-05
YIL044C	P40529	32638	1547.4040465	1.62532245157753E-05
YJR084W	P47130	49482	1547.9537931	1.62589988026765E-05
YCL059C	P25586	37159	1549.150096	1.62715642212991E-05
YDL166C	Q12055	22723	1550.8462996	1.62893803682825E-05
YLR095C	Q12072	93446	1557.205104	1.635617034198E-05
YCR057C	P25635	103983	1564.9489869	1.64375085468802E-05
YOR340C	P46669	36224	1568.8123048	1.64780870715044E-05
YHR076W	P38797	37782	1578.003466	1.65746268258641E-05
YDR164C	P30619	83480	1580.639541	1.66023149522538E-05
YPL195W	Q08951	106924	1594.8788284	1.67518779158381E-05
YOR206W	P39744	81601	1596.1135606	1.67648469782551E-05
YHR109W	P38818	68284	1608.3354534	1.68932201514644E-05
YBL007C	P32790	135848	1624.5405852	1.70634314456955E-05
YHR065C	P38712	55969	1626.0716199	1.70795127340809E-05
YER017C	P39925	84544	1637.1004065	1.71953540653427E-05
YLR033W	Q07979	57794	1640.3408086	1.72293897672473E-05
YOR288C	Q12404	36408	1645.7452804	1.72861558677065E-05
YPR073C	P40347	18675	1650.2048706	1.73329973639097E-05
YPL270W	P33311	85137	1655.1499094	1.73849377902239E-05
YDR449C	Q02354	52418	1656.0409866	1.73942972576657E-05
YMR153W	Q03790	52619	1657.5811902	1.7410474851984E-05
YDL161W	Q12518	52352	1674.9932563	1.75933632322018E-05
YBR227C	P38323	57946	1684.2322614	1.76904055170093E-05
YGL164C	P53107	50296	1688.0716983	1.77307332065297E-05
YPR100W	Q06090	16124	1688.9102893	1.77395413829273E-05
YFL017C	P43577	18135	1715.3451081	1.80172006316297E-05
YPR155C	Q12374	70862	1727.5868025	1.81457817917906E-05
YLR298C	Q05900	27045	1729.7450235	1.81684507582748E-05
YML056C	P50094	56394	1732.6271937	1.81987237561122E-05
YLR345W	Q06137	58386	1737.736702	1.82523916948467E-05
YGL185C	P53100	42984	1749.7271558	1.83783339386313E-05
YLR387C	Q06709	49690	1750.3661149	1.83850452728378E-05
YBR002C	P35196	32694	1756.4003704	1.84484263332977E-05
YGL111W	P53136	51907	1758.033459	1.84655795491821E-05
YMR009W	Q03677	20879	1762.3309158	1.85107180702912E-05
YOR243C	Q08647	77002	1767.3814444	1.85637665132268E-05
YKL128C	P36069	33776	1767.6869249	1.85669751407103E-05
YIL105C	P40485	77995	1786.4005484	1.87635344846885E-05
YFL004W	P43585	95441	1786.7138796	1.87668255723349E-05
YGR159C	P27476	44535	1787.9671615	1.87799894723184E-05
YBL059C-A	Q3E7A4	12947	1788.3762845	1.87842867132288E-05
YLR017W	Q07938	37857	1788.7087556	1.87877788376326E-05
YBR142W	P38112	87048	1792.5946857	1.88285948704656E-05
YKL073W	P36016	99572	1795.3015691	1.88570267359101E-05
YGR147C	P37293	32804	1797.6129223	1.88813041329996E-05
YOR360C	P06776	61000	1797.9989547	1.88853588408064E-05
YHR199C	P38885	34113	1817.6385799	1.90916444832042E-05
YHR072W	P38604	83460	1830.9956288	1.92319408170098E-05
YGR111W	P53265	46668	1840.6559353	1.93334082590724E-05
YNL163C	P53893	124464	1848.5802179	1.94166412999292E-05
YGL241W	P53067	113921	1883.0789926	1.97790006539625E-05
YKL106W	Q01802	51795	1885.9838985	1.98095124571962E-05
YPL210C	P38688	73541	1888.586752	1.98368516401413E-05
YBR155W	P33313	44112	1897.0842202	1.99261051604372E-05
YKL138C	P14063	15520	1910.0487133	2.00622782676254E-05
YEL022W	P39993	165668	1916.4335749	2.01293419342364E-05
YGL213C	Q02793	44232	1917.6686958	2.01423150793805E-05
YBL059W	P34224	22278	1919.6102081	2.01627078367753E-05
YDL044C	P10849	51192	1923.3975657	2.0202488509143E-05
YOR143C	P35202	36616	1925.200823	2.02214290992384E-05
YIL115C	P40477	158908	1925.3498459	2.02229943676356E-05
YBR247C	P38333	55137	1930.6402687	2.02785625495505E-05
YCL052C	P25580	47923	1936.3894745	2.03389495783076E-05
YKL110C	P34253	35322	1936.5872162	2.03410265667021E-05
YFR050C	P30657	29443	1938.3083369	2.035910443151E-05
YOR056C	Q08444	51742	1938.8459662	2.03647514438329E-05
YHR205W	P11792	91812	1951.4569802	2.04972117681918E-05
YJL071W	P40360	65610	1960.9539014	2.05969630857752E-05
YPL111W	P00812	35662	1964.0379798	2.06293568350179E-05
YHR070W	P38793	56514	1972.9607482	2.07230775141356E-05
YBR096W	P38256	27092	1974.1114978	2.07351644617253E-05
YHR171W	P38862	71428	1974.8599104	2.07430254454456E-05
YER029C	P40018	22379	1977.7779775	2.07736754879059E-05
YAL059W	P39715	23891	1979.696212	2.07938237459338E-05
YDR229W	Q04934	49976	1993.6499804	2.09403877485027E-05
YNL108C	P53929	30748	2012.2781627	2.11360496571862E-05
YKL218C	P36007	34899	2024.7418126	2.12669621364245E-05
YPR125W	Q06493	52174	2028.7311018	2.13088638059804E-05
YAR042W	P35845	135098	2033.6178902	2.13601923967295E-05
YOL102C	Q12272	26196	2038.6800369	2.14133628708749E-05
YGR128C	P53276	80191	2040.0238677	2.14274778550983E-05
YOL016C	P22517	50447	2042.2319463	2.14506705030143E-05
YEL013W	P39968	63208	2049.1730506	2.15235766885904E-05
YOL021C	Q08162	113707	2049.6308807	2.15283855266067E-05
YDR470C	Q03327	57543	2055.2623377	2.15875357758121E-05
YOR196C	P32875	46247	2070.5969063	2.17486030722769E-05
YMR129W	P39685	151653	2074.6775595	2.17914643875104E-05
YNL182C	P53877	61773	2086.6555333	2.19172755470817E-05
YGR116W	P23615	168291	2089.8667114	2.19510042934537E-05
YDL060W	Q07381	90748	2091.3499438	2.19665834883387E-05
YKL019W	P29703	37508	2115.7096415	2.2222446613907E-05
YBR103W	P38262	59161	2120.2297233	2.22699234862153E-05
YGR090W	P53254	140485	2125.2926604	2.23231022623609E-05
YJL112W	P47025	80032	2129.8263714	2.23707222895537E-05
YGR222W	P10834	34637	2137.1908987	2.24480759167012E-05
YOL027C	Q08179	65005	2138.5587171	2.24624428557061E-05
YPL097W	P48527	55287	2142.5763736	2.25046424824096E-05
YMR113W	Q12676	47851	2145.5769205	2.25361588549731E-05
YKL126W	P12688	76480	2149.0518738	2.25726581754282E-05
YDR098C	Q03835	28261	2154.6764356	2.26317360006058E-05
YER101C	P39945	48371	2155.2265839	2.26375145067801E-05
YEL055C	P39985	115894	2157.308504	2.26593820435012E-05
YLR369W	Q05931	72365	2163.3823796	2.27231792553742E-05
YMR140W	P40210	55859	2167.4874676	2.27662972225735E-05
YJR042W	P46673	84898	2167.5688801	2.27671523422456E-05
YHR148W	P32899	21885	2190.7832024	2.30109849683635E-05
YDL116W	P52891	83635	2193.6467189	2.30410620362659E-05
YFR040W	P43612	115002	2194.3821562	2.30487867333683E-05
YNL308C	P42846	68654	2196.6627241	2.3072740775744E-05
YLR410W	Q06685	129755	2204.7099568	2.31572652282292E-05
YJL076W	P47035	128531	2207.652473	2.31881720728559E-05
YNL001W	P33309	44058	2215.6855136	2.32725474580124E-05
YIL030C	P40318	151455	2219.0991745	2.33084029911253E-05
YPR086W	P29055	38200	2225.8921464	2.3379753261709E-05
YOL041C	Q08208	51942	2236.7661225	2.34939685342697E-05
YGL097W	P21827	53014	2250.7052009	2.36403782397959E-05
YGL056C	P53172	58098	2250.942707	2.36428728952648E-05
YDL074C	Q07457	80692	2253.7325161	2.36721757743422E-05
YOR109W	Q12271	124577	2256.0440214	2.36964547690206E-05
YBL079W	P38181	169475	2259.0992567	2.37285455635301E-05
YIL015W	P12630	63730	2261.7484292	2.37563712600706E-05
YHL038C	P03874	73861	2263.0647676	2.3770197476696E-05
YLR206W	Q05785	71807	2268.3079562	2.38252695321732E-05
YOR016C	Q12450	23515	2271.3249975	2.38569591543718E-05
YDR430C	P32898	112180	2278.0391673	2.39274817237313E-05
YPR139C	Q06508	33816	2285.3792143	2.40045782210018E-05
YBR122C	P36531	20091	2291.0049214	2.40636680758869E-05
YHR030C	Q00772	55636	2293.9219914	2.40943076452647E-05
YOR303W	P07258	45362	2296.8118823	2.41246617378044E-05
YML072C	Q03640	171076	2314.1469325	2.4306741178226E-05
YIL010W	P40553	24120	2316.0698431	2.43269385518701E-05
YKL135C	P36000	81869	2331.6326605	2.44904032693577E-05
YIR026C	Q02256	41185	2342.4073569	2.46035757533476E-05
YPL119C	P24784	67917	2343.9954733	2.46202566018078E-05
YGL173C	P22147	175460	2346.4868921	2.46464253256204E-05
YFR028C	Q00684	61907	2349.366617	2.46766726391447E-05
YBR082C	P15731	16456	2354.3865306	2.47293995161198E-05
YMR134W	P40207	27921	2380.9022276	2.50079082724515E-05
YHR046C	P38710	32823	2398.5181454	2.51929378177098E-05
YDR496C	Q04373	75106	2417.1193176	2.53883160246539E-05
YHR188C	P38875	68771	2428.3048829	2.55058040876896E-05
YHR114W	P38822	71171	2429.4107773	2.55174198967697E-05
YPR019W	P30665	105003	2431.1298258	2.55354759961363E-05
YPL086C	Q02908	63657	2434.3804836	2.55696194192241E-05
YDL047W	P20604	35538	2442.4275915	2.56541425608672E-05
YML050W	Q04689	35977	2453.5046653	2.57704910787972E-05
YKL154W	P36057	26974	2472.2296573	2.59671698323008E-05
YGL224C	P53078	31969	2472.4906167	2.59699108305083E-05
YDL150W	P25441	46667	2475.4130869	2.60006071211175E-05
YDR062W	P40970	63111	2476.6965457	2.60140879854596E-05
YJL030W	P40958	22284	2486.3038811	2.61149990433101E-05
YGL167C	P13586	104571	2494.8695551	2.62049689661404E-05
YKL032C	P33417	67856	2503.7752051	2.62985098414124E-05
YLR114C	Q12500	86426	2508.1966962	2.63449511620909E-05
YPL184C	Q08925	68664	2527.0118328	2.65425767532521E-05
YGL099W	P53145	72728	2535.8925696	2.66358559516634E-05
YKL068W	Q02629	99988	2557.6518136	2.68644051006885E-05
YPR024W	P32795	81772	2561.8701823	2.69087129165602E-05
YPR148C	Q06523	49279	2564.4932885	2.6936264824605E-05
YBR094W	P38254	86353	2566.8309511	2.69608185636015E-05
YIL128W	P40469	117883	2569.6394945	2.69903182191994E-05
YLR026C	Q01590	38807	2583.767004	2.71387071188352E-05
YMR130W	Q04223	35278	2584.4193843	2.71455594231894E-05
YCL001W	P25560	22270	2585.758669	2.71596266572573E-05
YBR084W	P09440	106217	2588.5003612	2.71884241384197E-05
YHL014C	P38746	45715	2600.3661216	2.73130566597498E-05
YDR435C	Q04081	37695	2614.913548	2.74658561744859E-05
YCR093W	P25655	240279	2623.997779	2.75612727829212E-05
YDL202W	P36521	28515	2632.2459566	2.7647907868749E-05
YLR056W	P32353	42730	2641.9459443	2.77497921039912E-05
YOR151C	P08518	138751	2655.6048077	2.78932585592927E-05
YGR005C	P41896	46605	2657.0618984	2.79085631737148E-05
YML127W	Q03124	65218	2659.9024582	2.7938399114938E-05
YBR080C	P18759	84056	2670.1904554	2.80464595330864E-05
YPR131C	Q06504	22921	2685.4756188	2.82070078999221E-05
YFR002W	P34077	96174	2685.5743941	2.82080453905058E-05
YMR169C	P54114	55385	2687.8166926	2.82315974686036E-05
YNL059C	P53946	87560	2688.5846143	2.82396633669892E-05
YER114C	P39969	115688	2689.7576966	2.82519848870476E-05
YNL084C	P39013	40297	2696.0401936	2.83179733627089E-05
YHR024C	P11914	53338	2712.9047608	2.84951110648385E-05
YOR101W	P01119	34347	2734.1967406	2.87187522843748E-05
YJR142W	P47173	39690	2736.9018144	2.87471651426083E-05
YPL129W	P35189	27440	2738.0101892	2.87588070046758E-05
YNL219C	P53868	63777	2757.3249054	2.89616799515103E-05
YGL130W	Q01159	52764	2757.3923286	2.89623881339722E-05
YKL088W	P36076	65238	2762.2109684	2.90130009229895E-05
YHR042W	P16603	76772	2769.2258425	2.90866819528117E-05
YMR220W	P24521	50455	2769.7025629	2.90916892059012E-05
YBR268W	P36532	11949	2780.1874646	2.92018178188781E-05
YDR452W	Q04119	78344	2785.2601127	2.92550985949271E-05
YHR196W	P38882	65271	2786.5358664	2.9268498528422E-05
YGR028W	P28737	40343	2792.1885888	2.93278721396649E-05
YKL064W	P35724	109737	2800.8512142	2.94188603956674E-05
YMR060C	P50110	37493	2809.6887013	2.95116853190069E-05
YPL139C	Q03010	51022	2818.4482534	2.96036916487441E-05
YJR051W	P21375	55065	2830.3235103	2.97284239169676E-05
YDL132W	Q12018	93944	2836.1655582	2.97897861166887E-05
YGL065C	P43636	58047	2842.3337683	2.98545741750129E-05
YJL010C	P47077	77722	2843.7096727	2.98690260456643E-05
YHR197W	P38883	86739	2871.0777966	3.01564883043604E-05
YMR261C	P38426	118835	2895.1858715	3.04097084990982E-05
YOR176W	P16622	44596	2912.4259775	3.05907906890586E-05
YGR202C	P13259	49406	2927.5821653	3.07499843551691E-05
YDL160C	P39517	57544	2946.3780229	3.09474074485301E-05
YEL037C	P32628	42367	2948.9747846	3.09746826459936E-05
YJL101C	P32477	78254	2953.6289523	3.10235678952814E-05
YGL172W	Q02199	49142	2955.7017633	3.10453397541815E-05
YOR160W	Q99189	110745	2960.3789722	3.1094467017698E-05
YDL065C	Q07418	38706	2962.1736677	3.11133176785612E-05
YNL323W	P42838	47438	2962.7997867	3.11198941462288E-05
YMR272C	Q03529	44881	2987.7564392	3.1382027412044E-05
YBL047C	P34216	150783	2988.2530262	3.13872433348154E-05
YHR110W	P38819	24249	3007.0627366	3.1584811931653E-05
YFR014C	P27466	50296	3023.8044148	3.17606588639206E-05
YNL185C	P53875	16670	3029.4979598	3.18204612570867E-05
YGR040W	P14681	42692	3029.5744453	3.18212646258039E-05
YML013W	Q04228	66761	3041.3849154	3.19453164031055E-05
YDL168W	P32771	41042	3042.5149105	3.19571853549178E-05
YNL265C	P53843	34496	3058.8000781	3.21282373085937E-05
YKL112W	P14164	81753	3069.3650429	3.22392068677622E-05
YPR187W	P20435	17910	3084.9225927	3.24026162567881E-05
YOR057W	Q08446	44860	3091.2184017	3.24687445556102E-05
YPR113W	P06197	24824	3095.8630599	3.25175299214585E-05
YDR390C	P52488	71259	3110.7622052	3.26740237306881E-05
YOR086C	Q12466	133576	3116.9086221	3.2738582883205E-05
YBL091C	P38174	47518	3137.9765846	3.29598711274596E-05
YNL090W	P06781	21479	3148.75067	3.30730371937849E-05
YBR166C	P20049	50923	3150.6378137	3.30928588882667E-05
YGR181W	P53299	11286	3159.3266744	3.31841227078637E-05
YKL114C	P22936	41439	3167.3951608	3.32688703994949E-05
YPL199C	Q08954	26758	3175.259347	3.33514722152466E-05
YKR071C	P36152	38543	3207.9593585	3.3694938183156E-05
YNL115C	P53925	74039	3214.6266139	3.37649679851106E-05
YJL082W	P47031	82536	3214.7043539	3.37657845305221E-05
YHR039C	P38694	71321	3221.1540725	3.38335294254036E-05
YDR477W	P06782	72045	3227.4187413	3.38993306418045E-05
YIL110W	P40481	42515	3228.424563	3.39098953330045E-05
YGL238W	P33307	109356	3230.4064546	3.39307122161021E-05
YDR153C	Q03769	47321	3238.5590653	3.40163435109126E-05
YOR236W	P07807	24261	3239.9372538	3.40308193727059E-05
YJL041W	P14907	86516	3244.5034154	3.40787802461623E-05
YJL178C	P46989	30201	3249.9761294	3.41362631314849E-05
YOR087W	Q12324	77953	3251.0023663	3.41470422546104E-05
YKL087C	Q00873	26076	3256.2763493	3.42024377603836E-05
YBR151W	P38281	35759	3272.7931132	3.43759222956916E-05
YMR289W	Q03266	42640	3279.4871421	3.44462333142474E-05
YBR283C	P38353	53312	3280.2497403	3.44542432970233E-05
YNL141W	P53909	39635	3282.1617829	3.44743265181651E-05
YGL157W	P53111	38083	3290.4055262	3.45609150281334E-05
YDR372C	Q06385	39287	3294.9726485	3.46088859923433E-05
YKL181W	P32895	47047	3306.1299427	3.47260771086721E-05
YHL039W	P38732	67452	3306.9144381	3.47343170896239E-05
YBL095W	P38172	30545	3312.694866	3.47950320610423E-05
YGL120C	P53131	87562	3322.4622119	3.48976237960161E-05
YHR117W	P38825	71856	3337.5661644	3.50562688064213E-05
YGL200C	P32803	23332	3352.8595516	3.52169035522917E-05
YML035C	P15274	93302	3391.6545559	3.56243885374864E-05
YLR435W	Q06672	23713	3401.2271566	3.57249347579315E-05
YNL040W	P53960	50964	3406.0538187	3.57756318095196E-05
YOL124C	Q12463	50073	3444.9146771	3.61838084960674E-05
YNR053C	P53742	55489	3453.8292841	3.62774434515715E-05
YDR074W	P31688	102976	3459.0917959	3.63327184691054E-05
YGR271C-A	Q3E705	27121	3460.2402978	3.63447818078822E-05
YPR114W	Q06107	36750	3462.1469064	3.63648079527728E-05
YDR001C	P32356	85879	3478.8841919	3.65406087461282E-05
YMR290C	Q03532	56717	3485.1490882	3.66064123520851E-05
YNL216W	P11938	92413	3500.965052	3.67725360036008E-05
YGL092W	P49687	145661	3504.1697743	3.68061969412017E-05
YEL058W	P38628	62067	3508.459435	3.68512535756414E-05
YNR019W	P53629	74023	3512.7353001	3.6896165307407E-05
YKL113C	P26793	43279	3516.2161268	3.69327263193699E-05
YPR058W	P32331	33376	3517.2722	3.69438188293472E-05
YBR245C	P38144	131102	3520.881767	3.69817320705517E-05
YDL052C	P33333	33887	3536.2838576	3.71435085872283E-05
YOR370C	P32864	67374	3552.4920834	3.73137523794206E-05
YOR354C	Q08818	79947	3567.2882193	3.74691642250162E-05
YJL180C	P22135	36554	3568.416748	3.74810177744334E-05
YMR237W	Q05029	82049	3568.7611856	3.74846355894812E-05
YIL034C	P13517	32629	3573.6390209	3.75358701409619E-05
YDR404C	P34087	19058	3596.9780028	3.77810121345145E-05
YGR103W	P53261	69877	3614.4673968	3.79647127316338E-05
YCR011C	P25371	117231	3645.6691141	3.82924413023983E-05
YGL018C	P53193	21778	3654.1297377	3.83813078238639E-05
YER156C	P40093	38174	3658.2045812	3.84241081166652E-05
YJR072C	P47122	43195	3667.7488913	3.85243571855844E-05
YOR115C	Q99394	30749	3673.9170728	3.85891449435073E-05
YMR073C	Q04772	23182	3676.3755652	3.86149678234706E-05
YJR068W	P40348	39742	3685.6036568	3.87118954778646E-05
YJR111C	P47148	32208	3693.8242159	3.87982404715976E-05
YPL239W	P46683	22356	3699.3455148	3.88562336704931E-05
YAL036C	P39729	40701	3699.9589887	3.88626773198127E-05
YGL050W	P53177	30806	3717.861485	3.90507169545899E-05
YDR170C	P11075	226886	3726.3694078	3.91400802852236E-05
YLR174W	P41939	46562	3742.0966466	3.9305272009911E-05
YNL330C	P32561	48904	3746.1211788	3.93475438558232E-05
YER044C	P40030	17135	3755.9297503	3.9450568605648E-05
YGR095C	P53256	24407	3765.5969793	3.95521087584852E-05
YMR214W	P25303	41543	3771.4133704	3.96132014709113E-05
YBL050W	P32602	32803	3781.7438425	3.97217080259866E-05
YBR279W	P38351	51801	3799.8738245	3.99121370665332E-05
YGL012W	P25340	56040	3808.924301	4.00071991331356E-05
YFL048C	P43555	50330	3818.1454558	4.01040539265544E-05
YGR102C	P53260	20787	3833.0068491	4.0260151206039E-05
YLR146C	Q12455	34091	3836.6792516	4.02987244426024E-05
YDR322W	Q06678	42825	3837.2802936	4.03050375129291E-05
YNL137C	P27929	56356	3876.3536188	4.07154458535884E-05
YGL005C	P53195	31775	3920.7443912	4.11817062281026E-05
YMR189W	P49095	114451	3934.1930849	4.13229651569805E-05
YJL179W	P46988	12782	3958.7521129	4.15809219568713E-05
YAL042W	P39727	46235	3960.0731742	4.15947977806787E-05
YBR104W	P38087	36555	3978.5580172	4.17889541189004E-05
YKL204W	P36041	69762	3991.7720713	4.19277485007147E-05
YOR141C	Q12386	100209	4010.7487017	4.2127070348904E-05
YNL206C	P40161	51621	4012.8417927	4.21490552196505E-05
YIL042C	P40530	45444	4022.8374784	4.22540453314695E-05
YKL054C	P35732	83973	4025.4932614	4.22819404616793E-05
YML057W	P14747	68528	4032.2662861	4.23530812159955E-05
YOR091W	Q12000	39514	4033.2054126	4.23629453713127E-05
YPL161C	P39011	70993	4037.3725626	4.24067152093807E-05
YKL023W	P36103	32293	4052.0520313	4.25609016360564E-05
YMR089C	P40341	93276	4056.6792695	4.26095040301904E-05
YDL225W	Q07657	62630	4061.7275088	4.26625284273657E-05
YBR095C	P38255	48629	4069.7497477	4.27467903564047E-05
YJL063C	P22353	26945	4073.1529904	4.27825364615089E-05
YGL195W	P33892	296698	4090.6328151	4.29661365470767E-05
YPL012W	Q12754	137509	4092.2327966	4.29829420211217E-05
YDR292C	P32916	69278	4131.5410448	4.33958178855487E-05
YGR210C	P42942	45214	4153.5710138	4.36272106061781E-05
YGL190C	Q00362	59662	4174.84158	4.38506269070519E-05
YOR043W	P12611	55346	4177.7874229	4.38815686938142E-05
YDR299W	Q06631	61203	4197.2151325	4.40856284716533E-05
YNL123W	P53920	110881	4203.6586709	4.41533084525401E-05
YNL005C	P12687	43227	4214.424695	4.42663898466564E-05
YGL107C	P53140	74596	4243.4498587	4.45712568936893E-05
YHR052W	P38779	42530	4244.71814	4.45845783405116E-05
YDL226C	P35197	39296	4247.4740113	4.46135247524567E-05
YGR084C	P12686	38988	4250.7897835	4.46483521074269E-05
YIR004W	P40564	48575	4251.6745453	4.4657645240795E-05
YOR078W	Q08492	24385	4254.1026619	4.46831490672452E-05
YGR048W	P53044	39810	4260.9802508	4.47553881161036E-05
YGL006W	P38929	130861	4266.8186106	4.48167115777088E-05
YBR176W	P38122	34465	4270.6543243	4.4857000160439E-05
YOR138C	Q12242	75361	4278.9773858	4.49444217925098E-05
YDL045C	P38913	35546	4296.0430812	4.51236720532814E-05
YDR237W	P36519	33099	4311.8310287	4.5289501434393E-05
YML105C	P29478	31170	4321.8754865	4.53950038260482E-05
YOR241W	Q08645	62151	4323.0909501	4.54077704999019E-05
YOR326W	P19524	180680	4369.3078065	4.58932112257301E-05
YDR231C	Q04935	23758	4370.3932857	4.59046126028848E-05
YNL061W	P40991	69812	4371.4632065	4.59158505617203E-05
YKR070W	P36151	39406	4378.6424981	4.59912585577786E-05
YGR054W	P53235	71305	4381.5843032	4.60221579333361E-05
YBR171W	P33754	24231	4386.4013895	4.60727544050998E-05
YER061C	P39525	47555	4396.4498084	4.6178298402338E-05
YOR211C	P32266	99178	4400.8558074	4.62245770010823E-05
YDL063C	Q07395	70164	4405.3805705	4.62721030436252E-05
YER071C	P40045	14498	4425.7275101	4.64858179930437E-05
YBL033C	P38066	38332	4427.6407266	4.65059135442943E-05
YML016C	P26570	77491	4433.5173311	4.65676387107399E-05
YNL151C	P17890	27724	4435.4631672	4.65880768833528E-05
YOR155C	Q99312	51330	4439.4364339	4.66298102598954E-05
YHR025W	P17423	38712	4464.3694823	4.68916955990378E-05
YER016W	P40013	38362	4473.1998493	4.69844457361027E-05
YHR012W	P38759	31013	4474.3904296	4.69969510471517E-05
YIL065C	P40515	17733	4498.7066592	4.72523576036744E-05
YLR287C	Q05881	40928	4507.513036	4.73448557586487E-05
YGR195W	P46948	27561	4527.2853782	4.75525353997264E-05
YPL178W	Q08920	23774	4532.8468393	4.76109504440056E-05
YJL158C	P47001	23242	4548.9223156	4.77797998961528E-05
YJR014W	P47089	22495	4550.9580662	4.7801182489558E-05
YMR307W	P22146	59582	4553.2082362	4.78248172462923E-05
YLR078C	P25385	27500	4568.7917496	4.79884993451001E-05
YHR098C	P38810	103950	4579.5740549	4.81017517494963E-05
YIL020C	P40545	29557	4600.9705014	4.83264902394795E-05
YOR042W	Q08412	46870	4606.7841872	4.83875545366715E-05
YBR029C	P38221	51823	4613.5103521	4.84582030970763E-05
YPR020W	Q12233	12921	4622.87423	4.85565569886738E-05
YNL243W	P33338	108911	4623.1726775	4.85596917447413E-05
YER126C	P40078	29723	4648.1658912	4.88222090326828E-05
YJL192C	P39543	26598	4653.9384866	4.88828417351028E-05
YNR067C	P53753	121064	4672.5861585	4.90787083536325E-05
YMR139W	P38615	43005	4673.5614094	4.90889519431286E-05
YHR028C	P18962	93404	4677.8181515	4.91336628156467E-05
YDR068W	P54858	35964	4700.1743178	4.93684817635535E-05
YHR041C	P34162	22894	4714.7357907	4.95214288163026E-05
YMR090W	Q04304	24882	4715.5802603	4.95302987388264E-05
YFL041W	P43561	70880	4732.559234	4.97086381145168E-05
YOR074C	P06785	35047	4735.4085532	4.97385660604721E-05
YBL022C	P36775	127112	4738.0096023	4.97658862908247E-05
YLR179C	Q06252	22151	4745.7563361	4.98472544402748E-05
YKL167C	P32388	16021	4746.3296192	4.98532759438093E-05
YHR112C	P38716	42445	4751.4663703	4.99072300284576E-05
YDR116C	Q04599	30996	4763.5920176	5.00345922829456E-05
YGR250C	P53316	89513	4765.5551424	5.00552120481575E-05
YIL098C	P40491	18364	4766.3454761	5.00635133519428E-05
YDR165W	Q03774	50488	4781.3280593	5.02208835547199E-05
YBR162C	P38288	47994	4784.8200855	5.02575622011096E-05
YMR104C	P18961	76664	4785.2957204	5.02625580526034E-05
YMR244C-A	Q3E846	12445	4788.0286779	5.02912637884712E-05
YHR106W	P38816	37087	4800.74868	5.0424868873995E-05
YGR165W	P53292	39575	4806.601761	5.04863469603533E-05
YEL046C	P37303	42815	4814.6018154	5.05703758735488E-05
YOL109W	Q08245	12589	4842.0019128	5.08581739672681E-05
YOR099W	P27810	46022	4851.0108192	5.09527994005491E-05
YDR379C-A	Q3E785	9352	4864.8284802	5.10979337932269E-05
YGL252C	P32608	65572	4866.6667465	5.11172421018495E-05
YIL137C	P40462	107723	4915.1246105	5.16262213467521E-05
YJR057W	P00572	24687	4956.2592352	5.20582806347794E-05
YOL042W	Q08213	42398	4961.5301697	5.21136441205026E-05
YLR290C	Q05892	31524	4962.8078513	5.21270643037776E-05
YML094W	Q04493	18356	4962.9768227	5.21288391020968E-05
YHR034C	P38768	39519	4965.0745573	5.21508727470944E-05
YOR260W	P09032	65700	4968.6998777	5.21889514548088E-05
YOR224C	P20436	16511	4978.3481917	5.22902929331353E-05
YOR272W	Q12024	51359	4985.7326532	5.23678559400041E-05
YHR063C	P38787	42821	5044.6291012	5.29864772979429E-05
YER062C	P40106	27814	5057.5396534	5.31220838345833E-05
YGR078C	P48363	23115	5064.360301	5.31937247980644E-05
YPR016C	Q12522	26458	5083.8637928	5.3398580557479E-05
YPR127W	Q06494	38601	5113.9510331	5.37146031714576E-05
YGR162W	P39935	107101	5120.5770954	5.37842002999264E-05
YPR029C	Q12028	93624	5142.7870611	5.40174836235846E-05
YER174C	P32642	27493	5168.2749521	5.42851967756819E-05
YML017W	P50109	65584	5199.8044618	5.46163683279249E-05
YML130C	Q03103	65033	5201.3231829	5.46323202798866E-05
YKL091C	P33324	36073	5204.6777744	5.46675553750329E-05
YGR020C	P39111	13461	5218.3093794	5.48107355205653E-05
YCL047C	P25576	29673	5222.4978169	5.4854728952799E-05
YJR143C	P46971	87966	5227.0788245	5.49028457618507E-05
YNL244C	P32911	12312	5227.2130001	5.4904255080998E-05
YBR053C	P38235	40296	5230.8468225	5.49424230898327E-05
YBR115C	P07702	155346	5238.8402534	5.50263824328129E-05
YLR231C	Q05979	51032	5259.4348352	5.52426985026597E-05
YDL121C	Q07541	16947	5269.0890642	5.53441021094414E-05
YDR328C	P52286	22330	5285.4374625	5.55158182094763E-05
YPR040W	Q12199	41020	5291.2184715	5.55765392845034E-05
YPL023C	P46151	73942	5295.3116567	5.56195322301343E-05
YLR384C	Q06706	152990	5333.5474998	5.60211440417745E-05
YNL045W	Q10740	77353	5369.7204431	5.64010880972273E-05
YLR196W	P21304	63803	5378.8144722	5.64966076204246E-05
YPL127C	P53551	27804	5387.4531022	5.6587343839718E-05
YCL017C	P25374	54467	5396.6311451	5.66837458054532E-05
YGR167W	P17891	26532	5402.134374	5.67415492053316E-05
YHR005C	P08539	54076	5426.0609234	5.69928627392245E-05
YOL088C	Q99316	32401	5430.3009176	5.70373976994594E-05
YHR192W	P38878	32063	5435.2311533	5.70891826407803E-05
YDL213C	Q07623	25216	5436.9370133	5.71071002141738E-05
YBR222C	P38137	60489	5468.6589841	5.74402932898035E-05
YLR418C	Q06697	44456	5470.6418884	5.74611208098388E-05
YAL035W	P39730	112268	5512.6048107	5.79018801570969E-05
YKR066C	P00431	40353	5513.9178419	5.79156716364059E-05
YJL109C	P42945	200082	5543.1045982	5.8222235978217E-05
YDR061W	Q12298	61191	5548.5460017	5.8279389992365E-05
YGR169C-A	Q3E772	10495	5553.4172733	5.83305556017424E-05
YGR262C	P53323	29936	5562.4678616	5.84256188426409E-05
YBR111C	Q01976	26087	5568.9968334	5.84941961768947E-05
YPL173W	P36534	33751	5608.3416623	5.8907456268267E-05
YOL071W	Q08230	19042	5622.6132742	5.90573587536181E-05
YJL104W	P42949	16216	5624.1957187	5.90739800270343E-05
YPR011C	Q12251	35913	5676.0374827	5.96185022101653E-05
YKR002W	P29468	64552	5690.9425924	5.97750586667251E-05
YMR041C	Q04212	38220	5692.1682597	5.97879325155777E-05
YHR009C	P38758	57614	5703.7301334	5.99093731499706E-05
YLR022C	Q07953	28283	5711.7510879	5.99936215882594E-05
YDR408C	P04161	23540	5716.5606472	6.0044138999857E-05
YER021W	P40016	60393	5719.2937815	6.00728465927511E-05
YBR170C	P33755	65782	5726.4809836	6.01483376770841E-05
YKL039W	P32857	60018	5744.6888876	6.0339585174687E-05
YER006W	P40010	57709	5751.9149779	6.04154847228902E-05
YDR428C	Q04066	29991	5775.2541782	6.06606290104165E-05
YDL046W	Q12408	19063	5784.3816173	6.07564994569763E-05
YKR081C	P36160	39599	5794.2243216	6.08598827221242E-05
YJR024C	P47095	27427	5821.5096459	6.1146475291684E-05
YER125W	P39940	91816	5822.9874872	6.11619978609198E-05
YPR060C	P32178	29747	5832.7202687	6.12642265472414E-05
YNL004W	P38922	52142	5833.0775399	6.12679791605552E-05
YKR084C	P32769	68730	5834.4786331	6.12826956028435E-05
YJL155C	P32604	52595	5835.8047514	6.12966245430664E-05
YNL189W	Q02821	60441	5863.7421089	6.15900657712008E-05
YLL029W	Q07825	84924	5879.7695528	6.17584107129824E-05
YPR129W	P45978	39190	5883.0405972	6.17927682675943E-05
YDR267C	Q05583	37275	5886.6127164	6.18302881742315E-05
YKL213C	P36037	79506	5896.493291	6.19340692116935E-05
YPL226W	Q08972	134331	5911.7153563	6.20939548249399E-05
YMR091C	P32832	49651	5929.0496148	6.22760259497067E-05
YBR202W	P38132	94943	5945.1127424	6.24447456967559E-05
YEL036C	P32629	58182	5952.6856077	6.25242876109877E-05
YEL031W	P39986	135269	5959.8597786	6.25996418215548E-05
YLR378C	P32915	52937	5974.4455342	6.27528439286807E-05
YIL093C	P40496	30513	5976.6667558	6.27761746246588E-05
YGL221C	P53081	31888	5977.3855011	6.27837239966259E-05
YFL016C	P35191	55561	5986.5076193	6.28795385548852E-05
YGR235C	P50087	26912	5992.8683893	6.29463491743463E-05
YBR034C	P38074	39786	6003.0126143	6.30528994750492E-05
YDR531W	Q04430	40903	6019.6117969	6.3227249698694E-05
YDR305C	P49775	23542	6064.3157653	6.36967997407756E-05
YOR221C	Q12283	40707	6085.4744366	6.39190407487866E-05
YKR069W	P36150	66125	6092.3008289	6.39907420519696E-05
YDR516C	Q04409	55921	6152.3116031	6.46210677827599E-05
YJR017C	P22696	19405	6153.8319115	6.4637036406995E-05
YMR296C	P25045	62207	6159.7094624	6.46987715139935E-05
YGR194C	P42826	68321	6163.5724826	6.47393469117131E-05
YNL251C	P53617	63859	6166.0611805	6.47654870564362E-05
YGR277C	P53332	34307	6174.7303514	6.48565440633776E-05
YCR016W	P25617	33593	6175.8943831	6.48687705200722E-05
YGL153W	P53112	38420	6189.1967761	6.5008492773297E-05
YLR133W	P20485	66317	6191.4731762	6.50324030390073E-05
YNR034W	P50278	35653	6211.2829207	6.52404755367411E-05
YBR273C	P38349	50031	6224.1817755	6.53759592092408E-05
YDL237W	Q07716	44383	6231.419519	6.54519811573281E-05
YMR225C	P19956	11476	6264.2698807	6.57970263349869E-05
YPL215W	P21560	39084	6265.9174448	6.5814331594904E-05
YMR308C	P32337	121031	6266.0977236	6.58162251609823E-05
YOR347C	P52489	55195	6268.1175934	6.58374409497262E-05
YPR088C	P20424	59624	6282.0614714	6.59839010680561E-05
YAL025C	P10962	35696	6332.7633174	6.65164500737707E-05
YNL175C	P53883	45609	6347.4349861	6.66705545728131E-05
YDR246W	Q03784	24863	6359.6620867	6.67989824463723E-05
YBR037C	P23833	33166	6359.7359462	6.67997582327862E-05
YMR193W	P36525	30049	6366.9846448	6.68758952482344E-05
YEL038W	P32626	25187	6377.7441845	6.69889085331783E-05
YMR131C	Q04225	57261	6384.0102703	6.70547246330993E-05
YLR291C	P32502	42570	6395.4335679	6.71747097275051E-05
YGL228W	P53075	66862	6429.2238062	6.75296269391885E-05
YOR254C	P14906	75345	6441.1511034	6.76549058149266E-05
YKL141W	P33421	22068	6442.1539026	6.76654387591687E-05
YPR103W	P30656	31637	6464.4816197	6.78999588896878E-05
YDR245W	P50108	46748	6503.9065689	6.83140605280544E-05
YIL157C	P40452	22044	6506.0950357	6.83370471825911E-05
YHR049W	P38777	27339	6517.2245333	6.84539463361443E-05
YOR051C	Q08421	47352	6556.5085183	6.88665673510134E-05
YDR055W	Q12355	45777	6565.8596549	6.8964787413822E-05
YOR251C	Q08686	34219	6574.5631601	6.90562050525504E-05
YPL069C	Q12051	38651	6620.2641297	6.95362271393334E-05
YOL098C	Q12496	118392	6648.0111412	6.98276690601241E-05
YGR083C	P12754	70852	6674.9562945	7.01106886290515E-05
YER024W	P40017	103334	6681.9999363	7.01846718216398E-05
YEL066W	P39979	18814	6689.6619959	7.02651505920125E-05
YDR395W	Q04175	108405	6710.1858382	7.04807236464986E-05
YDL082W	Q12690	22554	6712.0279005	7.05000718265694E-05
YHR001W	P38755	49805	6749.6367445	7.0895097926374E-05
YGL184C	P53101	51828	6774.6975634	7.11583253084222E-05
YPL093W	Q02892	74410	6814.0315035	7.15714710288184E-05
YDL201W	Q12009	33391	6816.0965756	7.15931616018517E-05
YNL181W	P53878	46503	6821.2809184	7.16476155679543E-05
YOL052C	P21182	46232	6827.7320709	7.17153755238657E-05
YPR143W	Q06511	28212	6833.1098966	7.17718617458751E-05
YOR298C-A	O14467	16404	6869.2572312	7.21515368192533E-05
YFR009W	P43535	85027	6899.2756482	7.24668365447599E-05
YOR294W	Q08746	22963	6948.6580072	7.29855262623944E-05
YNL002C	P40693	36559	6950.9683373	7.30097929133094E-05
YOR158W	P17558	35998	6956.9409559	7.30725265679566E-05
YMR197C	Q04338	24668	6992.5784773	7.34468467966067E-05
YBR120C	P07253	18679	7014.4900813	7.36769962654014E-05
YKL040C	P32860	29174	7024.222114	7.37792170866703E-05
YML115C	P23642	61092	7050.5506487	7.40557599757873E-05
YML004C	P50107	37209	7090.9609901	7.44802117232277E-05
YMR033W	Q05123	53074	7120.3529124	7.47889310348856E-05
YDR424C	Q02647	10441	7135.3727926	7.49466929882958E-05
YIL022W	Q01852	48854	7139.2197591	7.49870997652915E-05
YPL204W	P29295	57340	7167.1869347	7.52808541891132E-05
YFR037C	P43609	63168	7188.7777741	7.5507634493227E-05
YNL110C	P53927	25447	7201.7831483	7.56442369967957E-05
YNL132W	P53914	119348	7287.7176749	7.65468539685206E-05
YPL211W	Q08962	20381	7299.5442585	7.6671074994658E-05
YIL083C	P40506	41867	7314.005452	7.68229687584447E-05
YPL094C	P21825	31347	7328.8295184	7.69786739732403E-05
YPL203W	P06245	44220	7332.6332625	7.70186267619109E-05
YJL172W	P27614	64597	7341.0628005	7.71071667744488E-05
YLR372W	P40319	39465	7342.6057744	7.71233734667315E-05
YMR031C	Q05050	93345	7344.7414014	7.71458051161714E-05
YDR294C	Q05567	65566	7346.947361	7.71689755070804E-05
YPR180W	Q06624	39273	7351.9216719	7.72212233941476E-05
YER063W	P40040	24138	7394.5627106	7.76691053659859E-05
YGR130C	P53278	92698	7413.6809539	7.78699146513209E-05
YDR044W	P11353	37712	7455.0029801	7.83039423190102E-05
YHR161C	P38856	71660	7474.8268205	7.85121628736319E-05
YJL002C	P41543	54072	7493.73222	7.87107365450197E-05
YPL212C	Q12211	62143	7535.568651	7.91501672855039E-05
YOL010W	Q08096	40171	7558.6566835	7.93926734213117E-05
YPL118W	Q02950	39445	7591.8485968	7.9741306100794E-05
YNR040W	P53736	28636	7604.825449	7.98776090223171E-05
YNL173C	P53885	40278	7607.2966203	7.99035650756483E-05
YKL029C	P36013	74376	7619.3236158	8.002989113674E-05
YIL016W	P40548	18306	7622.0142869	8.00581527155987E-05
YNL231C	P53860	40714	7662.330806	8.04816189965025E-05
YGR119C	P48837	57499	7744.4534167	8.13441973467063E-05
YLR025W	P39929	26987	7762.5755662	8.15345441182546E-05
YDR236C	Q03778	24537	7768.2671599	8.15943260158578E-05
YDR041W	Q03201	23424	7777.2395155	8.16885675362493E-05
YBR213W	P15807	31918	7806.0141757	8.19908034090671E-05
YNL287W	P32074	104831	7880.5041081	8.27732115966381E-05
YFL044C	P43558	33510	7892.271595	8.28968118980622E-05
YGL248W	P22434	42016	7905.399203	8.30346982895717E-05
YOL012C	Q12692	14283	7927.2085308	8.32637734959299E-05
YAL021C	P31384	94670	7928.7659711	8.32801321366631E-05
YKL127W	P33401	63112	7964.3975437	8.36543898818382E-05
YBR146W	P38120	31925	7965.22025	8.36630312126107E-05
YLR285W	Q05874	29633	7985.5725781	8.38768027603691E-05
YMR178W	Q03219	31145	7987.8622395	8.39008523167106E-05
YLR216C	P53691	42072	8018.5496508	8.42231788524302E-05
YGR156W	P39927	46983	8027.0657701	8.43126282753518E-05
YKR074W	P36154	18436	8043.6750576	8.44870846362455E-05
YCL057W	P25375	81934	8055.1564392	8.46076798184271E-05
YJL183W	P46985	47859	8064.0546389	8.47011424391546E-05
YKL027W	P36101	50266	8073.8446217	8.48039719417747E-05
YJR096W	P47137	32344	8120.4730477	8.5293735606481E-05
YPR034W	Q12406	53810	8175.247821	8.58690647781083E-05
YPR010C	P22138	135742	8195.7901714	8.60848322332136E-05
YKL196C	P36015	22707	8235.6109914	8.65030919174417E-05
YJR125C	P47160	45091	8236.4445865	8.65118476191901E-05
YBL098W	P38169	52429	8442.855252	8.86798908632351E-05
YDL140C	P04050	191612	8495.9632056	8.9237712522928E-05
YOR285W	Q12305	15413	8504.4376287	8.93267239880314E-05
YER134C	P40081	20441	8520.906056	8.94997008177961E-05
YNL247W	P53852	87530	8529.8614661	8.95937643504044E-05
YHR146W	P38845	51116	8562.3590286	8.99351038865925E-05
YPR108W	Q06103	48959	8575.3937308	9.00720144380623E-05
YDL205C	P28789	36675	8613.3636498	9.04708331045565E-05
YNR022C	P53724	16283	8632.4855708	9.06716810187705E-05
YDR296W	Q06630	26895	8683.1409587	9.12037420498468E-05
YDR280W	Q05636	33962	8719.0603682	9.1581023102199E-05
YLR314C	P32457	60054	8752.1326776	9.19283995170076E-05
YER175C	P32643	34768	8783.2876001	9.22556365765909E-05
YOR165W	Q99287	89432	8791.7520704	9.23445435020343E-05
YGL115W	P12904	36401	8815.0853986	9.25896261117074E-05
YIL007C	P40555	24846	8838.6664015	9.28373101831739E-05
YCL037C	P25567	48060	8856.8307971	9.30281006884384E-05
YOL049W	Q08220	55815	8876.6442648	9.32362122929625E-05
YGR279C	P53334	40173	8881.3452377	9.32855891626683E-05
YNL085W	P40850	94495	8883.3155892	9.33062848338325E-05
YBR061C	P38238	34701	8883.383561	9.33069987785379E-05
YPL246C	Q12270	29500	8905.2147808	9.35363039284535E-05
YDR347W	P10662	36729	8931.5390229	9.3812801730063E-05
YOL149W	Q12517	26266	8981.4974327	9.43375420218873E-05
YCL028W	P25367	42580	8983.4245254	9.43577833223974E-05
YDR300C	P32264	47162	8992.3513004	9.44515460850094E-05
YNL316C	P32452	38225	9057.3694354	9.51344668439038E-05
YLR195C	P14743	52838	9059.6280164	9.51581899459359E-05
YMR096W	Q03148	31817	9070.6992155	9.52744767587035E-05
YML110C	P49017	34685	9076.7533233	9.53380663386446E-05
YMR260C	P38912	17435	9077.1223361	9.53419422803556E-05
YIL109C	P40482	103636	9097.6474823	9.55575290304112E-05
YCR088W	P15891	65576	9105.8865833	9.5644068779783E-05
YDL145C	P53622	135607	9134.8921625	9.59487301201835E-05
YNL248C	Q01080	46651	9162.6205281	9.62399761929669E-05
YDR394W	P33298	47894	9177.9444653	9.64009318220675E-05
YJL208C	P08466	37210	9195.4100771	9.6584382621833E-05
YKR065C	P36147	21968	9214.795044	9.67879934498964E-05
YPL190C	P38996	90439	9222.7963412	9.68720354168947E-05
YGL078C	P20447	58827	9235.1163242	9.70014388847107E-05
YLR009W	Q07915	23975	9256.1270828	9.72221262853576E-05
YML086C	P54783	59494	9291.6954143	9.75957197749368E-05
YKR018C	P36114	81754	9307.5014734	9.77617393920129E-05
YJL203W	P32524	33052	9308.1342016	9.77683852796952E-05
YOR126C	P41734	27346	9329.6743579	9.79946332317027E-05
YJL020C	P47068	128297	9359.2338424	9.83051125400874E-05
YGL137W	P41811	99445	9364.8684298	9.8364295669583E-05
YPL032C	Q03088	92144	9366.0303373	9.83764998146521E-05
YLR347C	Q06142	94776	9400.4887405	9.87384351249103E-05
YPL117C	P15496	33352	9403.1106247	9.87659741976259E-05
YML125C	Q12746	35287	9417.6514497	9.89187043742751E-05
YDR101C	Q03862	65213	9421.9639852	9.89640012751539E-05
YNL288W	P53829	41155	9442.3935021	9.9178583578771E-05
YLR089C	P52893	66422	9447.2447043	9.9229538388348E-05
YGL207W	P32558	118630	9458.4017749	9.93467271560847E-05
YFR051C	P43621	60628	9497.8865254	9.97614569199608E-05
YPL169C	Q99257	67352	9498.692541	9.97699229392527E-05
YBL039C	P28274	64710	9568.1148901	0.000100499103549
YIR012W	P35184	47167	9600.8039712	0.000100842454709
YMR024W	P36516	44000	9652.9735731	0.000101390420352
YKL009W	P33201	27058	9673.4552915	0.000101605550956
YOL057W	Q08225	80510	9686.4629953	0.000101742177929
YKL212W	P32368	71125	9712.1218805	0.000102011687126
YDR232W	P09950	59362	9740.5123361	0.000102309887489
YDR493W	Q03429	13927	9756.0052044	0.000102472617493
YNL229C	P23202	40271	9769.0698183	0.000102609842223
YDR194C	P15424	76269	9784.7670089	0.000102774718335
YLR439W	P36517	36965	9800.6422267	0.000102941464364
YPL243W	P38687	69006	9805.4523008	0.000102991987183
YDR189W	P22213	74679	9818.0659863	0.000103124475567
YNL112W	P24783	60999	9836.3097833	0.000103316100069
YGR209C	P22803	11204	9858.1026466	0.000103545002339
YDR476C	Q03362	25266	9891.9047019	0.000103900043671
YDR238C	P41810	109019	9912.6572207	0.000104118018639
YDR272W	Q05584	31327	9947.1542807	0.000104480359983
YOR085W	P48439	39483	9960.386904	0.000104619349407
YDL022W	Q00055	42869	9998.1990381	0.000105016510773
YMR229C	Q05022	193134	10005.9597963	0.000105098026228
YBR159W	P38286	38708	10010.3511053	0.00010514415053
YBL056W	P34221	51332	10022.5438365	0.000105272217403
YMR038C	P40202	27330	10056.8324493	0.000105632369313
YMR125W	P34160	100018	10118.6525362	0.000106281699237
YPL031C	P17157	34906	10120.1734153	0.000106297673855
YIL145C	P40459	35032	10146.1500894	0.000106570520962
YFL028C	P43569	33090	10158.9117773	0.000106704563896
YPL125W	Q02932	119623	10161.9724622	0.00010673671193
YBR291C	P38152	32173	10205.4501744	0.000107193381938
YNL200C	P40165	27521	10280.8018118	0.000107984841081
YBL036C	P38197	29123	10350.3611354	0.000108715460408
YLR258W	P27472	80079	10381.7841504	0.000109045513389
YOR157C	P25043	28268	10408.1692533	0.000109322650445
YGL125W	P53128	68560	10473.6982415	0.000110010936972
YDR248C	Q03786	22175	10509.4608489	0.000110386571047
YMR027W	Q04371	54129	10576.4191507	0.00011108987043
YHR170W	P38861	59095	10589.0688917	0.000111222737526
YDR434W	Q04080	60814	10643.7554691	0.000111797140328
YEL056W	P39984	45060	10645.6240813	0.000111816767376
YPR004C	Q12480	36803	10701.0418814	0.000112398850607
YDL165W	P06100	22363	10711.3363968	0.000112506979489
YJR075W	P47124	46297	10828.4581847	0.000113737173193
YML055W	Q04969	20802	10885.0158638	0.000114331229191
YNL147W	P53905	13006	10954.2079348	0.000115057991065
YLR118C	Q12354	24700	10989.5986538	0.000115429718995
YOR280C	Q99369	30418	11014.6052146	0.000115692376474
YDR518W	P32474	58982	11050.7160309	0.000116071667976
YIR035C	P40579	27481	11099.0435387	0.000116579278019
YJL186W	P46982	67204	11116.8778019	0.000116766600965
YNL315C	P32453	36851	11151.5677065	0.00011713096786
YOR323C	P54885	49740	11178.4269441	0.000117413085009
YJL111W	P42943	59736	11199.2028655	0.000117631305788
YAL016W	P31383	70907	11230.3072596	0.00011795801212
YCL045C	P25574	87181	11294.0772191	0.000118627822614
YER031C	P38555	24469	11310.1489189	0.0001187966324
YGL210W	P51996	24520	11374.1499768	0.000119468870246
YDR175C	Q03976	37393	11397.489454	0.000119714017442
YOL097C	Q12109	49350	11407.7866422	0.000119822174398
YDL072C	Q07451	22903	11409.8516285	0.00011984386407
YHR127W	P38833	27132	11428.810393	0.000120042998263
YML036W	Q03705	20662	11508.5407099	0.000120880449053
YML124C	P09734	49694	11657.4986554	0.000122445035198
YNL252C	P36528	32213	11706.8376529	0.000122963269466
YDL086W	Q07505	30837	11713.3180541	0.000123031336637
YGR208W	P42941	34207	11714.4605877	0.000123043337287
YAL007C	P39704	24064	11804.2571829	0.000123986519661
YER112W	P40070	21276	11895.2581813	0.000124942352536
YBR145W	P38113	37648	11997.3666657	0.000126014853365
YGR218W	P30822	124104	12063.0128268	0.000126704370623
YHR068W	P38791	42892	12092.848924	0.000127017755344
YKL206C	P36040	30739	12136.6240814	0.00012747754958
YIL074C	P40510	51188	12148.9843982	0.000127607376696
YGR211W	P53303	55072	12248.3632791	0.000128651207018
YMR015C	P54781	61334	12333.4568851	0.000129544991344
YER083C	P40056	31493	12449.3120674	0.000130761881201
YNL290W	P38629	38204	12477.5019278	0.000131057974604
YNL277W	P08465	53659	12539.7176229	0.000131711459816
YCR071C	P25642	16380	12670.7510033	0.000133087774525
YOL126C	P22133	40731	12883.7798635	0.00013532533226
YDR354W	P07285	41374	12924.8377778	0.000135756585817
YLR229C	P19073	21323	12942.2212738	0.00013593917411
YCR084C	P16649	78308	12962.0488842	0.000136147434263
YGR267C	P51601	27769	12983.6423379	0.000136374242027
YDL236W	P19881	34625	12993.7374268	0.000136480276224
YOR197W	Q08601	47982	13001.007552	0.000136556638295
YGR001C	P53200	28582	13025.79577	0.000136817002402
YPL050C	P39107	45955	13103.788672	0.00013763620418
YDR211W	P32501	81161	13185.866473	0.00013849831187
YLR275W	Q06217	12853	13194.445082	0.000138588417656
YLR069C	P25039	84574	13210.858414	0.00013876081579
YCR030C	P25623	96137	13241.870694	0.000139086554598
YJR117W	P47154	52324	13263.479242	0.000139313520905
YNL015W	P0CT04	8590	13346.676044	0.000140187382069
YNL149C	P53903	15053	13366.871128	0.000140399501997
YBR263W	P37292	53686	13376.155065	0.000140497016226
YKL103C	P14904	57093	13394.185012	0.000140686394545
YKR068C	P36149	22129	13464.632779	0.000141426345675
YKL033W-A	Q86ZR7	26170	13466.789206	0.000141448995798
YOL061W	Q12265	53505	13531.414754	0.000142127793003
YMR276W	P48510	39346	13535.153151	0.000142167059416
YPL144W	Q12245	16573	13566.08981	0.000142492003935
YLR003C	Q07897	33394	13566.737184	0.000142498803656
YBR087W	P38251	39942	13815.642841	0.000145113194858
YJL060W	P47039	50082	13827.235825	0.000145234962261
YLR429W	Q06440	72553	13851.479187	0.00014548960345
YBR286W	P37302	60137	13879.850127	0.00014578759883
YER048C	P39101	44855	13901.2263	0.000146012124377
YDR346C	Q05515	54368	13907.945467	0.000146082699434
YHR147C	P32904	23889	13913.114306	0.000146136990556
YOR168W	P13188	93133	13916.066034	0.000146167994157
YGR019W	P17649	52946	13978.854981	0.000146827500544
YJR019C	P41903	40260	14001.023361	0.000147060347071
YDR152W	Q03768	31031	14085.576609	0.000147948455724
YLR113W	P32485	48858	14101.829651	0.000148119170245
YGL001C	P53199	38706	14106.717274	0.000148170507602
YNL117W	P30952	62791	14166.505496	0.000148798495746
YJL001W	P38624	23548	14226.550403	0.000149429179992
YKL120W	P32332	35153	14268.08266	0.000149865415828
YPL063W	Q02776	55099	14293.222255	0.000150129470638
YHR038W	P38771	26407	14339.174434	0.000150612131314
YPR118W	Q06489	45020	14430.72644	0.00015157375172
YJL140W	P20433	25414	14463.365059	0.000151916572849
YLR215C	Q05791	41852	14472.735875	0.000152014999616
YJL096W	P40858	18387	14484.488018	0.000152138438752
YMR188C	Q03246	27635	14564.640896	0.00015298032793
YOR046C	P20449	53874	14599.821795	0.000153349852006
YMR092C	P46680	67326	14729.246051	0.000154709265209
YDL092W	P38985	16430	14805.022739	0.000155505188889
YIL075C	P32565	104232	14836.681093	0.000155837713763
YCR009C	P25343	30250	14901.796663	0.000156521657934
YOR286W	Q08742	16697	14931.423923	0.000156832849125
YOR253W	Q08689	19727	14932.173659	0.000156840724009
YML079W	Q03629	22461	14949.060672	0.000157018097472
YKL191W	P32461	59775	14963.438282	0.000157169113313
YOR061W	P19454	39404	15035.556549	0.000157926610612
YAR007C	P22336	70348	15115.584055	0.00015876718294
YDL178W	P46681	59268	15194.194808	0.000159592874343
YMR146C	P40217	38755	15210.221845	0.000159761215011
YKR014C	P36018	26132	15259.657452	0.000160280464021
YIL021W	P16370	35298	15313.154857	0.0001608423763
YFR001W	P43586	23590	15382.555929	0.000161571333425
YCL050C	P16550	36493	15395.372213	0.000161705949812
YLR351C	P49954	32549	15407.37952	0.000161832069074
YJR076C	P32458	47649	15413.923577	0.000161900804856
YIL116W	P07172	42646	15618.946083	0.000164054267508
YOR361C	P06103	88130	15667.309983	0.000164562259798
YDL051W	P33399	32104	15670.968989	0.000164600692323
YER143W	P40087	47354	15677.667369	0.000164671049044
YHL004W	P32902	44152	15707.825406	0.000164987815274
YER090W	P00899	56768	15716.309648	0.000165076929872
YDR368W	Q12458	34755	15718.765829	0.000165102728475
YER049W	P40032	74041	15756.401934	0.000165498040911
YHR121W	P38828	21314	15764.832005	0.000165586586522
YER012W	P22141	22517	15779.295506	0.000165738504523
YDR212W	P12612	60481	15794.078664	0.000165893780055
YLR420W	P20051	40313	15797.027545	0.000165924753752
YDR196C	Q03941	27340	15858.281816	0.000166568140605
YDR361C	Q06338	32661	16058.798795	0.000168674279261
YGR163W	P53290	38600	16080.919335	0.000168906623298
YBR256C	P38145	26196	16129.651031	0.000169418478749
YOR131C	Q12486	24840	16164.039749	0.000169779682118
YGL043W	P07273	34843	16197.377664	0.000170129848332
YOL077C	Q08235	33531	16238.036919	0.000170556914554
YHR128W	P18562	24594	16279.003273	0.000170987206404
YGR264C	P00958	85678	16345.607031	0.000171686781822
YGR136W	P53281	26139	16389.158019	0.000172144221485
YOL032W	Q08202	27167	16496.400388	0.00017327064629
YKL151C	P36059	37357	16529.085144	0.000173613952021
YER089C	P39966	50388	16682.939247	0.000175229965165
YEL021W	P03962	29240	16692.516945	0.000175330564925
YGR193C	P16451	45362	16718.197613	0.000175600302919
YBR214W	P38314	57187	16734.138317	0.000175767736784
YDL235C	Q07688	19169	16825.249727	0.000176724729372
YDL171C	Q12680	238102	16859.878646	0.000177088455702
YLR447C	P32366	39791	16861.166725	0.000177101985095
YHR047C	P37898	97663	16869.690903	0.000177191519163
YHR137W	P38840	58528	17035.032651	0.000178928193277
YML070W	P54838	62207	17043.997672	0.000179022357758
YDL215C	P33327	124332	17115.906704	0.000179777657348
YML131W	Q03102	39976	17139.945173	0.000180030146435
YJL200C	P39533	86583	17144.878075	0.000180081959381
YPL260W	Q08977	62780	17184.717056	0.000180500409821
YKR026C	P14741	34025	17230.641467	0.000180982778834
YMR149W	Q02795	31653	17247.963629	0.000181164722902
YDL147W	Q12250	51768	17277.405106	0.000181473962714
YMR241W	Q04013	34185	17344.519062	0.000182178897018
YJR101W	P47141	30224	17475.351647	0.000183553102665
YJR133W	P47165	23671	17491.518551	0.000183722912431
YJR088C	P47133	33855	17549.513189	0.00018433206159
YOR222W	Q99297	34007	17674.821021	0.000185648237757
YMR300C	P04046	56719	17882.505056	0.000187829655892
YNL036W	P53615	24859	17923.630049	0.000188261614013
YLR370C	Q05933	20579	17951.515153	0.000188554506394
YOR356W	Q08822	69634	17962.062534	0.000188665291261
YDL103C	P43123	53476	18014.727588	0.000189218460906
YBR164C	P38116	20434	18270.378425	0.000191903700395
YLR100W	Q12452	39725	18305.754142	0.00019227527075
YPR167C	P18408	30380	18514.159872	0.000194464269239
YGR253C	P32379	28617	18581.990063	0.000195176726549
YML063W	P23248	28812	18614.389339	0.000195517033728
YIL078W	P04801	84520	18688.609264	0.000196296605882
YKR080W	Q02046	36240	18731.90124	0.000196751325001
YLR147C	P43321	11224	18757.652602	0.000197021805532
YDR047W	P32347	41349	18796.509537	0.000197429941009
YLR312W-A	P36523	28167	18922.656493	0.000198754930951
YLR175W	P33322	54705	18970.333187	0.000199255705144
YJR064W	P40413	61914	18997.967885	0.000199545967375
YPL237W	P09064	31574	19088.099238	0.000200492665892
YNL067W	P51401	21657	19109.446967	0.000200716892675
YBR039W	P38077	34351	19138.237144	0.00020101929153
YKR035W-A	P69771	23091	19140.194476	0.00020103985045
YBR079C	P38249	110344	19371.526525	0.00020346965651
YNL098C	P01120	34705	19398.334878	0.000203751239192
YBL068W	P38063	35720	19429.259928	0.000204076061775
YBR218C	P32327	130167	19445.225176	0.00020424375344
YJL123C	P47018	53477	19516.03277	0.000204987484029
YHR201C	P38698	45051	19657.363388	0.000206471956213
YBL024W	P38205	77879	19664.935732	0.000206551492652
YGR043C	P53228	37254	19723.537639	0.000207167020286
YBR056W	P38081	57822	19777.774458	0.000207736699032
YOR270C	P32563	95529	19784.785995	0.00020781034501
YBR177C	P38295	51255	20011.196764	0.000210188460196
YJL115W	P32447	31603	20023.137446	0.000210313879659
YBL026W	P38203	11163	20160.799347	0.000211759817318
YDR127W	P08566	174755	20162.160057	0.000211774109594
YGR187C	P48362	44951	20219.978025	0.000212381403091
YML069W	Q04636	62994	20283.286959	0.000213046371184
YER007C-A	P89886	20278	20466.322175	0.000214968889396
YBR085C-A	O43137	9405	20516.59649	0.000215496947811
YIL118W	Q00245	25312	20567.00386	0.000216026403776
YHR074W	P38795	80686	20582.16186	0.000216185616476
YDL219W	Q07648	16746	20685.490332	0.000217270931497
YFR010W	P43593	57111	20800.712907	0.000218481176736
YCL026C-B	Q96VH4	20994	20841.271529	0.000218907185955
YLR209C	Q05788	33755	20876.436074	0.000219276538256
YDR190C	Q03940	50453	20876.88122	0.000219281213866
YDR510W	Q12306	11597	20882.441736	0.000219339618983
YOR021C	Q12314	24744	20891.259454	0.000219432236261
YMR079W	P24280	34901	20906.152579	0.000219588666836
YAL060W	P39714	41582	21010.972541	0.000220689647785
YDR168W	P06101	58385	21089.790748	0.00022151751819
YFR011C	P43594	18855	21213.656048	0.000222818542661
YOR271C	Q12029	35414	21265.803351	0.000223366274086
YJR144W	P32787	30091	21315.183708	0.000223884942775
YFR024C-A	P43603	49344	21467.587518	0.000225485722705
YOR198C	P38934	54639	21504.210884	0.000225870397795
YBL041W	P23724	26871	21737.196767	0.000228317574971
YNL281W	P53834	17246	21848.637135	0.000229488093638
YJR069C	P47119	22093	21860.256795	0.000229610141233
YGR080W	P53250	37071	21939.763404	0.000230445242298
YPR110C	P07703	37687	21941.225137	0.000230460595673
YML030W	Q03713	18477	21957.175604	0.000230628132084
YNR021W	P53723	47093	21975.159726	0.000230817029078
YGL048C	Q01939	45272	21986.326336	0.000230934318043
YHR107C	P32468	46668	22009.603876	0.000231178814679
YOR164C	Q12125	36280	22046.840712	0.000231569933377
YBR249C	P32449	39749	22186.298901	0.000233034738424
YLR250W	P39931	27289	22237.202104	0.000233569402391
YOR128C	P21264	62339	22282.647998	0.000234046745281
YOR089C	P36017	23081	22330.796579	0.000234552475958
YJL121C	P46969	25967	22364.657341	0.000234908133919
YHR190W	P29704	51720	22397.406187	0.000235252112822
YDL208W	P32495	17122	22449.243414	0.00023579658735
YJL080C	P06105	134810	22459.467836	0.000235903980004
YMR012W	Q03690	145166	22475.501334	0.000236072388535
YOR202W	P06633	23833	22509.282523	0.000236427210697
YNL016W	P32588	50763	22558.888716	0.000236948251465
YKL094W	P28321	35563	22735.620401	0.000238804560269
YOR210W	P22139	8278	22755.555212	0.000239013946408
YMR246W	P47912	77267	22756.227949	0.00023902101253
YPR172W	Q06608	22508	22835.75827	0.000239856362654
YDL029W	P32381	44074	22910.4512	0.000240640903036
YOR209C	P39683	49019	23096.241909	0.000242592363686
YBR169C	P32590	77621	23155.476266	0.000243214534286
YKL192C	P32463	13943	23200.174426	0.000243684023319
YDR429C	Q04067	30501	23204.930216	0.000243733975962
YIL033C	P07278	47219	23232.366157	0.000244022150541
YLR028C	P54113	65282	23345.218975	0.000245207504936
YOR095C	Q12189	28258	23581.182508	0.000247685957987
YDR304C	P35176	25327	23740.269332	0.00024935693324
YDL195W	P38968	138717	24162.624382	0.000253793157553
YFL022C	P15625	57511	24204.033841	0.000254228103574
YKL148C	Q00711	70229	24251.280404	0.000254724359868
YEL060C	P09232	69621	24289.233683	0.000255123003755
YHR104W	P38715	37119	24332.516299	0.000255577624562
YHR020W	P38708	77386	24359.448737	0.000255860510575
YLR066W	Q12133	21349	24391.633669	0.000256198566383
YHR037W	P07275	64435	24441.010906	0.000256717202302
YHL033C	P17076	28125	24446.103058	0.000256770687938
YGR205W	P42938	33337	24572.044016	0.000258093514171
YPR181C	P15303	85385	24925.266925	0.000261803606087
YLR268W	P22214	25058	24976.064139	0.000262337156795
YBR046C	P38230	37019	24986.189943	0.00026244351361
YKL211C	P00937	53489	25131.790008	0.000263972830113
YLR163C	P10507	51084	25209.159092	0.000264785479593
YKL024C	P15700	22933	25742.128373	0.000270383545207
YIL076W	P40509	33829	25746.136624	0.000270425646043
YML092C	P23639	27162	25766.707681	0.000270641715019
YPR002W	Q12428	57684	25797.595967	0.00027096615145
YKL104C	P14742	80047	25842.337222	0.000271436093134
YHR013C	P07347	27603	25861.123379	0.000271633414337
YML025C	P51998	31970	26125.534825	0.000274410671257
YDL144C	Q07589	39783	26285.698231	0.000276092954435
YER025W	P32481	57866	26287.939249	0.000276116493063
YMR062C	Q04728	47849	26671.794578	0.000280148333911
YKL157W	P32454	107755	26845.224016	0.000281969957423
YBR052C	P38234	22921	26946.027979	0.000283028756156
YBR106W	P38264	21137	26975.742092	0.000283340859611
YCR046C	P25626	19394	27048.333611	0.000284103327732
YLR178C	P14306	24357	27100.993777	0.000284656446036
YDL067C	P07255	6963	27156.643176	0.000285240961876
YPL091W	P41921	53441	27355.191058	0.000287326418038
YKR016W	P36112	61082	27447.48825	0.000288295865537
YJR099W	P35127	26385	27670.24689	0.00029063562043
YDR091C	Q03195	68340	27782.736072	0.000291817155359
YIL094C	P40495	40069	27788.819968	0.000291881057821
YJL066C	P40364	28470	27905.381322	0.000293105364983
YMR309C	P32497	93204	28042.305811	0.000294543557203
YLR180W	P10659	41818	28513.771468	0.000299495616875
YGL206C	P22137	187234	28537.340429	0.000299743174464
YJL014W	P39077	58814	29348.983898	0.000308268306318
YLR093C	Q12255	28964	29462.20745	0.000309457554734
YDR377W	Q06405	11312	29666.850681	0.000311607033654
YPL143W	P05744	12154	29678.532936	0.000311729738719
YML012W	P54837	24106	29949.817846	0.000314579191362
YJL171C	P46992	42958	30237.206571	0.000317597791113
YNL168C	P53889	28792	30553.231657	0.000320917174106
YJL177W	P46990	20551	30676.995687	0.000322217134883
YGR285C	P32527	49020	30684.695431	0.000322298009474
YDL174C	P32891	65293	30684.790773	0.000322299010902
YKR048C	P25293	47885	30895.085585	0.000324507851445
YER081W	P40054	51193	31012.604376	0.000325742215087
YLR008C	Q07914	17910	31298.811622	0.000328748405124
YGR231C	P50085	34407	31679.439545	0.000332746346776
YJR065C	P47117	49542	31749.486899	0.000333482092151
YFR044C	P43616	52871	31769.727314	0.000333694688215
YLR300W	P23776	51311	31929.839669	0.000335376435177
YPL235W	Q12464	51612	32133.299432	0.00033751348349
YJL052W	P00360	35750	32147.559665	0.000337663266457
YBR252W	P33317	15307	32168.626113	0.000337884538793
YLL018C	P04802	63516	32349.560113	0.000339784986793
YML001W	P32939	23043	33134.35138	0.000348028075396
YFR047C	P43619	32365	33157.568262	0.000348271934908
YPL160W	P26637	124142	33162.550551	0.000348324266594
YNL121C	P07213	70123	33251.554323	0.000349259121516
YKL216W	P28272	34801	33269.857244	0.000349451367028
YIL070C	P40513	30132	33394.148528	0.00035075686584
YNL307C	P21965	43136	33487.197705	0.000351734211846
YNL010W	P53981	27481	33570.530734	0.000352609503877
YDR188W	P39079	59924	33589.833433	0.000352812250601
YMR208W	P07277	48460	33855.345706	0.000355601070104
YLL001W	P54861	84972	33890.139699	0.000355966530296
YKR001C	P21576	78737	33952.048182	0.000356616788692
YER065C	P28240	62409	34034.782015	0.000357485787042
YIL124W	P40471	32814	34398.745316	0.000361308691125
YMR099C	Q03161	33956	34402.695262	0.000361350179551
YDR129C	P32599	71773	34535.404358	0.000362744095211
YKL117W	P28707	24082	34613.885943	0.000363568429892
YGL011C	P21243	28001	34784.682127	0.000365362394908
YOL140W	P18544	46681	34839.934298	0.000365942738447
YER036C	P40024	68377	34848.051537	0.000366027998214
YOL005C	P38902	13616	35206.739191	0.000369795489313
YBR160W	P00546	34061	35604.359167	0.000373971907719
YGR244C	P53312	46901	35921.367716	0.000377301620558
YMR205C	P16862	104618	35979.658923	0.000377913884741
YHR163W	P38858	27784	36117.587402	0.000379362622413
YJL117W	P46956	34882	36497.983496	0.000383358129039
YPL028W	P41338	41729	36600.197062	0.000384431733597
YIR036C	P40580	28804	36715.955705	0.000385647609449
YER120W	P40075	26926	36851.390303	0.000387070152536
YJL217W	P40893	21967	36907.028002	0.000387654545484
YEL071W	P39976	55225	37019.808241	0.000388839137543
YMR315W	Q04869	38216	37046.080721	0.000389115091659
YEL002C	P33767	49392	37061.697491	0.00038927912307
YGL105W	P46672	42084	37322.188709	0.000392015203708
YGR124W	P49090	64593	37416.768532	0.00039300862692
YDL135C	Q12434	23138	37574.35942	0.000394663889545
YCR002C	P25342	37025	37726.400816	0.000396260862844
YPL145C	P35844	49492	38334.868884	0.000402651933193
YGL087C	P53152	15545	38366.272035	0.000402981777532
YEL047C	P32614	50844	38410.409492	0.000403445377197
YGL148W	P28777	40838	38748.335444	0.000406994796872
YOR234C	P41056	12168	38782.470896	0.00040735334005
YER073W	P40047	56693	39416.50999	0.000414012996764
YFR004W	P43588	34398	39935.341758	0.000419462568406
YIL142W	P39076	57203	40011.774816	0.000420265386297
YPL271W	P21306	6743	40029.81424	0.000420454864157
YGL030W	P14120	11415	40133.368912	0.000421542555079
YOR173W	Q12123	40941	40144.063076	0.000421654881687
YOL059W	P41911	49422	40443.525707	0.000424800300227
YBL076C	P09436	122984	40533.702534	0.000425747476382
YBL064C	P34227	29496	40851.0947	0.000429081218558
YBR154C	P20434	25079	41041.9451	0.000431085823889
YAL049C	P39721	27089	41284.909679	0.000433637812725
YMR105C	P37012	63089	41453.511398	0.000435408728084
YHR005C-A	P87108	10305	41678.308984	0.000437769899133
YIL053W	P41277	27947	41836.399787	0.000439430412637
YHR089C	P28007	21480	41910.991213	0.000440213886867
YER133W	P32598	35907	41963.608856	0.000440766558528
YOR122C	P07274	13677	42117.748907	0.00044238557514
YER023W	P32263	30132	42275.059281	0.000444037891374
YPL262W	P08417	53152	42286.29561	0.000444155912636
YOL111C	Q12285	23732	42534.973234	0.000446767908684
YIR038C	P40582	26795	42547.429821	0.000446898746978
YDR234W	P49367	75151	43037.507617	0.000452046300047
YDL185W	P17255	118637	43126.230979	0.000452978209671
YMR145C	P40215	62774	43201.809781	0.000453772054847
YNL111C	P40312	13297	43963.328448	0.000461770698702
YPL010W	P53600	21688	44290.393823	0.000465206043842
YLR438C-A	P57743	10030	44794.604543	0.000470502042682
YJL034W	P16474	74468	45163.310569	0.000474374762179
YDR432W	Q01560	45407	45565.302367	0.000478597100205
YNL138W	P17555	57521	45670.007929	0.000479696879549
YHR113W	P38821	54174	45722.634152	0.000480249641331
YOR310C	Q12499	56956	45809.760516	0.000481164776817
YLR192C	Q05775	29564	46239.860446	0.000485682349808
YHR029C	P38765	32563	46241.65676	0.000485701217469
YJR007W	P20459	34718	46280.118417	0.000486105201127
YGR207C	P42940	28759	46400.994107	0.000487374824101
YNL079C	P17536	23541	46506.484986	0.000488482852056
YLR438W	P07991	46086	46567.225497	0.000489120842608
YKL145W	P33299	51983	46581.127827	0.000489266866325
YLR364W	Q05926	12519	46773.353627	0.000491285918229
YMR235C	P11745	45816	47286.137236	0.000496671962775
YDR002W	P41920	22953	47454.291833	0.000498438181769
YJR148W	P47176	41625	47691.438535	0.000500929062285
YDL198C	P38988	33215	47925.259304	0.000503385008723
YDL007W	P40327	48828	47959.551991	0.000503745203426
YCR004C	P25349	26350	48042.19576	0.000504613255784
YDL084W	Q07478	50309	48592.63565	0.000510394824687
YER136W	P39958	51206	48656.012353	0.000511060504594
YOL064C	P32179	39149	49932.864709	0.00052447197787
YPL081W	O13516	22443	50040.521947	0.000525602760269
YBR143C	P12385	49006	50046.079655	0.000525661135892
YFL030W	P43567	41907	50112.091601	0.000526354495187
YJR070C	P47120	36165	50267.728979	0.000527989239037
YOR027W	P15705	66265	50269.462815	0.000528007450457
YJL008C	P47079	61662	50569.516101	0.000531159072967
YNR035C	P53731	39566	50808.07927	0.000533664831405
YGR135W	P23638	28714	50872.493633	0.000534341410419
YFL037W	P02557	50923	50925.654442	0.000534899787247
YPR145W	P49089	64470	50966.498921	0.000535328798978
YDR035W	P14843	41070	50973.099372	0.000535398127097
YMR072W	Q02486	21562	51132.469648	0.0005370720796
YDL097C	Q12377	49774	51167.953967	0.000537444790661
YKL210W	P22515	114266	51186.434897	0.000537638905898
YMR183C	P39926	33734	51617.119658	0.000542162621687
YBR127C	P16140	57749	51654.126238	0.000542551321881
YFL034C-A	P56628	13827	52312.677326	0.000549468441371
YDR378C	Q06406	9398	52565.18579	0.000552120674811
YOR317W	P30624	77866	52663.990704	0.000553158476446
YBR248C	P33734	61068	53128.486697	0.000558037329955
YIL155C	P32191	72389	53324.993774	0.000560101350434
YGL040C	P05373	37740	53431.265771	0.000561217582895
YKL122C	P32342	18425	53526.982054	0.000562222942963
YBR101C	P38260	32604	53639.692171	0.000563406798492
YOL151W	Q12068	38170	53999.459956	0.000567185634793
YLR060W	P15624	67365	54031.587948	0.00056752309253
YMR110C	Q04458	59979	54162.812535	0.000568901415586
YOR117W	P33297	48256	54372.345222	0.000571102251116
YMR074C	Q04773	15977	54668.460106	0.000574212506452
YDR341C	Q05506	69525	54781.030265	0.000575394891927
YNL241C	P11412	57522	54954.830203	0.000577220407001
YOL139C	P07260	24254	54956.466799	0.000577237597057
YGL068W	P53163	20650	55488.965766	0.000582830722708
YCR083W	P25372	14432	55615.615289	0.000584160991384
YDR454C	P15454	20637	55729.527997	0.000585357478379
YFR052W	P32496	31919	55801.103449	0.000586109274198
YJR009C	P00358	35847	56145.190361	0.000589723405779
YOR007C	Q12118	37218	56784.613639	0.000596439615499
YGR204W	P07245	102205	56913.558338	0.000597793991654
YML054C	P00175	65539	56961.201661	0.000598294415333
YLR172C	P32469	33847	57016.716458	0.000598877517375
YLR270W	Q06151	40770	57231.778955	0.000601136435501
YER110C	P40069	122601	57606.740919	0.00060507486451
YJR073C	P05375	23150	58512.018825	0.000614583489674
YML081C-A	P81450	6688	58616.94982	0.000615685636863
YJR048W	P00044	12182	58862.881012	0.000618268785646
YFL038C	P01123	23214	58944.605148	0.0006191271786
YIL136W	P16547	44580	58971.371667	0.000619408321876
YNL131W	P49334	16790	59746.471369	0.000627549614713
YDR353W	P29509	34238	60456.852287	0.000635011131036
YBR025C	P38219	44174	60550.532952	0.000635995109903
YPL240C	P02829	81406	60601.405657	0.000636529453534
YER052C	P10869	58110	60986.760198	0.00064057704142
YLR043C	P22217	11235	61146.920055	0.000642259287321
YHR027C	P38764	109492	61154.473016	0.000642338620169
YMR318C	Q04894	39618	61449.158524	0.000645433861993
YFL045C	P07283	29063	61676.143126	0.000647818004458
YGR185C	P36421	44020	62205.68497	0.000653380069841
YGL106W	P53141	16444	62360.007177	0.000655000999736
YGL202W	P53090	56178	62395.104382	0.000655369644728
YDL143W	P39078	57604	63034.992085	0.000662090732556
YBR109C	P06787	16135	63173.818942	0.00066354890638
YDR174W	Q03973	27544	63249.271228	0.00066434142269
YBR026C	P38071	42067	63389.497249	0.000665814292693
YPL059W	Q02784	16931	63436.790495	0.000666311039323
YHL011C	P38689	35124	63451.092835	0.000666461264562
YDR214W	Q12449	39436	63482.458637	0.000666790716603
YCL035C	P25373	12380	63806.265926	0.000670191840298
YNL071W	P12695	51818	64602.176431	0.000678551720293
YFL005W	P07560	23506	64673.038261	0.000679296020552
YNR034W-A	Q3E841	10781	64773.140029	0.000680347443749
YDR037W	P15180	67959	65395.166616	0.000686880926582
YPR036W	P41807	54416	65632.357726	0.00068937227354
YOR259C	P53549	49408	66271.867779	0.000696089394705
YNL274C	P53839	38831	66367.240524	0.000697091146407
YBR149W	P38115	38884	66815.316282	0.000701797529275
YMR297W	P00729	59802	67118.851267	0.000704985721959
YDR158W	P13663	39544	67323.530326	0.0007071355772
YDR427W	Q04062	45782	67885.380329	0.000713036992712
YHL021C	P23180	53135	68158.128415	0.000715901813886
YHR087W	P38804	12009	68423.246138	0.000718686489217
YNL007C	P25294	37590	68770.616096	0.000722335104412
YHR007C	P10614	60720	68843.51487	0.0007231007998
YLR388W	P41057	6661	68850.114983	0.000723170124368
YER086W	P00927	63831	69319.101735	0.000728096146756
YER004W	P40008	25086	69794.717512	0.00073309179739
YKL007W	P28495	30699	69860.094434	0.000733778486684
YLR150W	P39015	29995	70455.677981	0.000740034223916
YMR203W	P23644	42038	71336.05024	0.000749281251553
YML022W	P49435	20587	71488.58743	0.000750883432445
YGL009C	P07264	85794	71655.263602	0.000752634122739
YDL100C	Q12154	39354	72416.095804	0.00076062555628
YHL034C	P10080	32990	72520.570057	0.00076172290606
YIL043C	P38626	31494	72529.515058	0.00076181686026
YHR019C	P38707	62207	72725.850093	0.000763879073688
YCR073W-A	P37262	34501	73145.298941	0.000768284772584
YBR126C	Q00764	56148	73372.229398	0.000770668346335
YML048W	Q04697	45870	73420.325069	0.000771173521271
YKL080W	P31412	44189	73782.698769	0.000774979728911
YKL035W	P32861	55988	73976.252077	0.000777012724351
YJR137C	P47169	161219	74056.966802	0.000777860514914
YER178W	P16387	46343	74316.79203	0.000780589600297
YDR258C	P33416	91336	74407.220992	0.000781539424763
YLR344W	P05743	14234	74422.721477	0.00078170223477
YMR083W	P07246	40370	74643.577229	0.000784022002597
YIL051C	P40185	15908	75141.214304	0.000789248954876
YNR050C	P38999	48918	76268.95224	0.00080109419847
YEL024W	P08067	23365	76950.747042	0.000808255459302
YKL142W	P35719	25097	78528.183396	0.000824824129443
YAL044C	P39726	18793	78966.792255	0.000829431076333
YDR019C	P48015	44469	79057.632498	0.000830385220707
YLR301W	Q05905	27501	81281.154383	0.000853740077827
YGL026C	P00931	76626	82514.340896	0.000866692905054
YFR030W	P39692	114829	82831.4552	0.000870023728695
YKR046C	P36139	31246	83020.03333	0.000872004467141
YML126C	P54839	55014	83031.685919	0.000872126860607
YGR175C	P32476	55126	85009.345538	0.000892899292911
YOR362C	P21242	31536	85267.615576	0.00089561204329
YDL126C	P25694	91996	86028.965802	0.000903608917918
YML073C	Q02326	19962	86604.432109	0.000909653352861
YFL018C	P09624	54010	86793.22288	0.00091163632479
YMR226C	Q05016	29158	87714.084978	0.00092130863918
YOL040C	Q01855	16002	87786.632596	0.000922070646186
YLR208W	Q04491	33043	87950.950113	0.000923796562246
YOR184W	P33330	43416	88495.43118	0.000929515542396
YGR061C	P38972	148905	89203.120721	0.000936948789727
YJL130C	P07259	245041	89226.907406	0.000937198634189
YDR533C	Q04432	25670	89506.526486	0.000940135625142
YLR197W	Q12460	56864	90867.734074	0.000954433127201
YOR142W	P53598	35032	90884.336829	0.000954607514948
YHR179W	Q03558	45011	91860.651389	0.000964862276642
YNL064C	P25491	44671	91895.441014	0.000965227690954
YDL182W	P48570	47099	92320.433322	0.000969691615819
YGL234W	P07244	86068	93270.071895	0.000979666185145
YNR017W	P32897	23244	93424.622148	0.00098128951033
YPR028W	Q12402	20270	93963.268035	0.000986947200418
YOR120W	P14065	35079	94508.620765	0.000992675336118
YNL135C	P20081	12158	94638.531286	0.000994039856826
YBR088C	P15873	28916	94781.424088	0.000995540737477
YOR187W	P02992	47972	96189.000674	0.001010325278287
YER003C	P29952	48189	97413.43729	0.001023186200598
YDL181W	P01097	9870	97583.932147	0.001024977000613
YGL103W	P02406	16722	98094.499464	0.001030339766241
YGL062W	P11154	130099	98565.057968	0.001035282297592
YIL133C	P26784	22201	99337.884971	0.001043399719038
YOL121C	P07280	15917	99884.274516	0.001049138744968
YCL030C	P00815	87721	100596.177565	0.00105661624906
YGL253W	P04807	53942	100701.940807	0.001057727137791
YOL038W	P40303	28439	101174.022833	0.001062685671521
YER069W	Q01217	94869	101654.60539	0.001067733490941
YLR406C	P0C2H9	12967	102284.454883	0.001074349142002
YER057C	P40037	13906	103674.289771	0.001088947332129
YGR132C	P40961	31427	104225.483544	0.001094736819474
YOR230W	Q12363	48383	105113.414809	0.001104063243453
YER165W	P04147	64344	105186.955601	0.001104835682303
YER055C	P00498	32266	105449.624306	0.001107594634269
YDL014W	P15646	34465	106006.107935	0.001113439683842
YIL125W	P20967	114416	106067.639808	0.001114085986499
YBR035C	P38075	26908	106815.653009	0.001121942775115
YML085C	P09733	49800	107379.71413	0.001127867415199
YDR023W	P07284	53310	108996.03676	0.001144844529001
YML078W	P25719	19919	109700.118268	0.001152239879203
YPR183W	P14020	30362	111269.891746	0.001168728061998
YHR051W	P00427	17342	112577.906922	0.001182466855284
YJR016C	P39522	62861	113106.783543	0.00118802193347
YPL004C	Q12230	38071	113679.609719	0.001194038637683
YLR109W	P38013	19115	114153.537225	0.001199016555491
YDR148C	P19262	50431	115047.746736	0.001208408923296
YBL015W	P32316	58712	116926.518943	0.001228142687443
YPR165W	P06780	23152	117660.392681	0.001235850961605
YLL041C	P21801	30231	118212.561948	0.001241650695093
YIL041W	P40531	36670	119047.995534	0.001250425707457
YNR043W	P32377	44116	119461.940416	0.001254773595211
YGR180C	P49723	40055	119663.69506	0.001256892733735
YPL225W	Q08971	17445	119953.909062	0.001259941008904
YGR155W	P32582	56022	120831.639799	0.001269160291202
YDL061C	P41058	6728	121405.709477	0.001275190056592
YCR028C-A	P32445	15386	121444.498045	0.001275597473973
YMR217W	P38625	58482	121645.468074	0.001277708371259
YHR208W	P38891	43596	121970.883567	0.001281126386793
YOR204W	P06634	65553	123260.743047	0.001294674480951
YGR240C	P16861	107970	124935.172167	0.001312261918754
YPL048W	P29547	47088	126192.503931	0.001325468356657
YHR018C	P04076	51989	127611.126227	0.001340368916554
YNL069C	P26785	22249	127756.475145	0.001341895595124
YOR332W	P22203	26471	128957.63374	0.001354512015747
YLR027C	P23542	46058	129050.180688	0.001355484086569
YJR123W	P26783	25039	130818.38874	0.001374056535391
YDR226W	P07170	24255	131275.08225	0.001378853435185
YKL150W	P36060	34138	131316.59034	0.001379289417182
YDR177W	P21734	24178	131573.9724	0.001381992840646
YPL231W	P19097	206947	131672.29231	0.001383025548021
YCL043C	P17967	58227	134375.61267	0.001411419988923
YLR075W	P41805	25361	134636.08275	0.001414155847537
YLR448W	P05739	19986	135215.26564	0.001420239319768
YER056C-A	P87262	13639	136127.66505	0.001429822745953
YDR399W	Q04178	25191	136484.06096	0.001433566165621
YNL096C	P48164	21634	137093.72027	0.001439969748232
YNL220W	P80210	48279	137742.69626	0.00144678629527
YFR053C	P04806	53738	137909.32142	0.001448536449757
YMR314W	P40302	25604	137935.91838	0.001448815812063
YDL055C	P41940	39566	138545.89775	0.001455222756438
YPL037C	Q02642	17020	139141.03606	0.001461473817104
YKL081W	P36008	46520	139197.06853	0.001462062356547
YDL078C	P32419	37186	140366.11589	0.001474341495441
YJR010W	P08536	57725	140950.53947	0.001480480013483
YKL016C	P30902	19810	141549.04881	0.001486766481907
YCL009C	P25605	33987	142923.2974	0.001501200960687
YJL167W	P08524	40483	142927.02749	0.001501240139847
YJR105W	P47143	36372	143221.2574	0.001504330596278
YDL125C	Q04344	17680	143849.27648	0.001510927021517
YCR053W	P16120	57474	144086.61111	0.001513419875943
YOR232W	P38523	26066	144472.81628	0.001517476398447
YDR233C	Q04947	32916	148952.88122	0.001564532951957
YOR136W	P28241	39739	150305.96113	0.001578745084602
YBL092W	P38061	14771	150668.40438	0.001582552022764
YHR193C	P38879	18709	150815.36782	0.001584095659535
YNL258C	P53847	88072	154153.2395	0.001619155137338
YHR200W	P38886	29747	156912.90498	0.001648141401615
YNL044W	P53633	19412	158747.1275	0.001667407236221
YDL004W	Q12165	17020	160019.48378	0.00168077148477
YDR071C	Q12447	21947	160638.15222	0.001687269695162
YPR074C	P23254	73806	165303.42894	0.001736271628516
YCL018W	P04173	38953	167813.34726	0.001762634662828
YKL001C	Q02196	23060	169767.52273	0.00178316042837
YJR109C	P03965	123915	171607.59876	0.001802487745569
YAR015W	P27616	34603	174884.60782	0.001836907950242
YOR063W	P14126	43758	175179.66739	0.001840007121042
YAL012W	P31373	42542	175294.49041	0.001841213169538
YDL131W	Q12122	48594	179605.75815	0.001886496754445
YER177W	P29311	30091	184833.78108	0.00194140951666
YOL058W	P22768	46928	189496.7165	0.001990386858069
YHR064C	P38788	58238	189764.95408	0.001993204302951
YLR058C	P37291	52218	194089.54487	0.002038627827084
YPL078C	P05626	26925	194152.61437	0.002039290280272
YOL127W	P04456	15758	196078.7868	0.002059521914686
YGL037C	P53184	24993	196912.00685	0.002068273677081
YOR369C	P48589	15472	198283.88736	0.002082683282632
YFL014W	P22943	11693	202036.93302	0.002122103558072
YGR086C	P53252	38349	202274.70796	0.002124601037313
YEL026W	P39990	13569	208579.37308	0.00219082235677
YCL040W	P17709	55377	211312.99202	0.002219535040101
YDR487C	Q99258	22568	214706.3997	0.002255177842653
YMR108W	P07342	74937	217339.56322	0.002282835388188
YML120C	P32340	57250	217889.11534	0.00228860763236
YJR139C	P31116	38502	221042.45462	0.002321728866215
YLR153C	P52910	75492	221316.76593	0.00232461010678
YNL302C	P07281	15891	226188.71509	0.002375782832937
YML028W	P34760	21590	230283.85705	0.002418796331481
YKL180W	P05740	20549	231820.92258	0.002434940964947
YML008C	P25087	43431	233274.44205	0.002450208068802
YKL067W	P36010	17167	244722.50413	0.002570453277981
YIL052C	P40525	13641	245617.87081	0.00257985780016
YGL031C	P04449	17614	250392.30892	0.002630006314838
YLR304C	P19414	85368	256642.41213	0.002695654540942
YLL026W	P31539	102035	257093.07091	0.002700388054692
YDR086C	P35179	8944	267680.2791	0.002811591248258
YDR382W	P02400	11050	276011.64318	0.002899100086832
YBR196C	P12709	61299	278957.31227	0.002930040047974
YJL088W	P05150	37845	280812.21727	0.002949523121893
YGR037C	P31787	10061	282390.56625	0.00296610137784
YKL182W	P07149	228691	298710.37144	0.003137517148922
YAL038W	P00549	54545	299086.79866	0.00314147096831
YNL037C	P28834	39324	299586.30104	0.0031467175129
YOL039W	P05319	10746	308746.01264	0.003242926935042
YPL106C	P32589	77366	317854.60278	0.003338599400745
YPR069C	Q12074	33324	317944.04837	0.003339538896322
YLR359W	Q05911	54510	318961.825	0.00335022915664
YKL056C	P35691	18741	323714.40049	0.003400148036354
YHL015W	P38701	13907	324219.22858	0.003405450519767
YLR259C	P19882	60752	327225.34143	0.003437025354524
YGR060W	P53045	36479	334342.9232	0.003511785178746
YPL154C	P07267	44499	347958.60034	0.00365479802532
YLL045C	P29453	28112	349616.71498	0.003672214103285
YNL178W	P05750	26503	349639.59641	0.003672454439363
YDR529C	P00128	14565	353045.1483	0.003708224799143
YBL045C	P07256	50228	353780.12059	0.003715944611993
YJL026W	P09938	46147	356523.00606	0.003744754626718
YDR298C	P09457	22814	358890.89002	0.00376962579706
YBR221C	P32473	40054	365638.8944	0.003840503749376
YMR120C	P38009	65263	372409.85548	0.003911622828372
YGL187C	P04037	17143	374315.84905	0.003931642513268
YKR059W	P10081	44697	375362.73164	0.003942638489281
YPL218W	P20606	21451	391123.95218	0.004108187142626
YLR441C	P33442	28743	391920.80746	0.004116556946105
YGR034W	P53221	14235	397701.92306	0.00417727914081
YDL124W	Q07551	35561	405337.26298	0.004257477259882
YMR142C	P40212	22525	408682.73134	0.004292616529738
YJR077C	P23641	32812	415470.90052	0.004363916354747
YGR282C	P15703	34119	440186.50845	0.004623517798622
YLR354C	P15019	37036	443266.25031	0.004655865998832
YDR502C	P19358	42256	449221.60998	0.004718418373571
YFL039C	P60010	41690	489363.37021	0.005140049067217
YHR008C	P00447	25774	502629.06252	0.005279385833176
YKL085W	P17505	35650	504314.31323	0.005297086936011
YBR011C	P00817	32300	505200.66441	0.0053063967635
YPL131W	P26321	33715	535450.8705	0.005624131095617
YJR104C	P00445	15855	537606.52868	0.005646773143412
YLR325C	P49167	8827	544395.27337	0.005718079013314
YPR010C-A	A5Z2X5	7902	558837.17799	0.005869770175526
YDR064W	P05756	17029	562787.39998	0.005911261500972
YAL003W	P32471	22627	589409.93449	0.006190892429655
YGL147C	P05738	21569	593384.06699	0.006232634900165
YBL099W	P07251	58608	598134.30586	0.006282529237092
YNL055C	P04840	30428	598618.29638	0.006287612852197
YER043C	P39954	49126	601152.50962	0.006314231069238
YPR191W	P07257	40478	603430.95488	0.006338162816374
YPL198W	Q12213	27696	607483.16395	0.006380725367473
YLR303W	P06106	48672	607534.49185	0.006381264492264
YMR116C	P38011	34805	610644.14918	0.00641392691089
YLR061W	P05749	13693	611833.23994	0.006426416576492
YLR048W	P46654	27962	612946.45906	0.006438109321082
YBR189W	P05755	22299	615882.17717	0.00646894476168
YNL209W	P40150	66595	622310.37154	0.006536463575892
YDR032C	Q12335	20966	628327.2164	0.006599661762951
YLR340W	P05317	33717	656696.22187	0.00689763682398
YGR234W	P39676	44646	665628.95672	0.006991462186131
YER091C	P05694	85860	689361.34995	0.007240736392397
YLR044C	P06169	61495	704292.23982	0.007397563632074
YGL123W	P25443	27450	722702.52314	0.007590936829511
YOR020C	P38910	11372	749479.80705	0.007872193175129
YPR080W	P02994	50033	825999.15411	0.008675917406288
YOR096W	P26786	21622	830036.33245	0.008718322081472
YDL075W	P0C2H8	12953	852105.96757	0.008950131436888
YNL208W	P40159	20151	859636.70637	0.009029230873627
YPL061W	P54115	54414	893087.23166	0.009380579895196
YLL050C	Q03048	15901	977985.74666	0.010272315074816
YLR355C	P06168	44368	982945.07701	0.010324405613036
YDR155C	P14832	17391	1008519.17582	0.010593024252549
YDR099W	P34730	31061	1058601.52489	0.011119066345791
YKL152C	P00950	27609	1104637.72601	0.011602609551167
YGR214W	P32905	28024	1120198.09018	0.011766048501049
YGR254W	P00924	46816	1126475.02968	0.011831978603272
YKL060C	P14540	39621	1315671.7184	0.013819214106735
YJR121W	P00830	54794	1340546.5125	0.014080487569348
YGR192C	P00359	35747	1600150.1919	0.016807245907581
YDR050C	P00942	26795	2020911.0077	0.021226725113485
YOR374W	P46367	56724	2368767.0292	0.024880445697577
YBR072W	P15992	23880	2514481.9466	0.026410968558207
YCR012W	P00560	44738	2598138.4351	0.027289658059418
