	Protein	LAHT
0	P32568	7.243756789454732e-10
1	Q12400	5.791252962070836e-09
2	P43591	6.558361355047079e-09
3	P40896	7.655133068969817e-09
4	P06839	3.3647028994263083e-09
5	Q03496	1.8546953181016625e-09
6	P38850	2.6019462475184273e-09
7	P40005	2.7308571182937327e-08
8	P25847	3.333441407289388e-09
9	Q07362	2.3207732431952034e-08
10	Q12482	4.843797377168676e-09
11	P38228	8.704200352537185e-09
12	P40091	1.1898925329894662e-08
13	P53959	6.379061448845789e-09
14	Q06168	1.3254256196007857e-08
15	P33332	4.540388948410119e-09
16	P53917	6.732984077008339e-09
17	Q06106	7.727704087614662e-09
18	P53010	6.209840654023224e-09
19	P19263	6.451643199992036e-09
20	P36048	6.980828937010345e-09
21	P37297	3.7239831694163547e-09
22	P25355	1.2390411182682636e-08
23	Q02773	6.251499577535375e-09
24	P40094	9.580661037233702e-09
25	P42844	4.522517821301409e-08
26	Q06839	7.550950932592703e-09
27	P33775	1.0399494138392435e-08
28	P40339	2.825757069093369e-08
29	P32499	1.363466086134544e-08
30	P25616	2.9392328420306935e-08
31	P36039	3.853788165802059e-08
32	P38932	1.6539772068398253e-08
33	P37838	1.4332414525990488e-08
34	P32597	7.159990264560647e-09
35	P38986	2.7321774603898104e-08
36	Q12453	1.3389583465456794e-08
37	P43550	1.8666286944967924e-08
38	P47112	1.703660593045785e-08
39	P27692	1.0190237105740893e-08
40	Q01163	2.353201125553096e-08
41	P23201	7.3601128423606105e-09
42	P32660	6.796481403719907e-09
43	Q99260	4.983025407717879e-08
44	Q12030	5.381235360866295e-08
45	P37304	1.3351158574697272e-08
46	P14693	3.524881880172185e-08
47	Q02979	9.57723925472949e-09
48	P47158	2.3594593053839068e-08
49	P48231	1.0266930485062787e-08
50	P47125	2.688534590179873e-08
51	Q08965	1.0190658961441855e-08
52	P47102	8.702870210332861e-09
53	P33302	8.239122472409812e-09
54	Q01454	1.3555354233057117e-08
55	P38339	1.898008520689281e-08
56	P53741	2.5396445244452393e-08
57	P33891	1.8054680362919352e-08
58	P53890	2.9761580625989946e-08
59	P47084	2.4790456414006165e-08
60	P47076	8.203788070140191e-08
61	P13185	1.2719481996426551e-08
62	Q06538	1.713971565606995e-08
63	P32867	4.647977835942165e-08
64	P31334	5.198670697155332e-08
65	P37263	8.734739282115258e-08
66	P32583	3.803625079354808e-08
67	P46944	1.945528170044982e-08
68	P36136	5.141772671190977e-08
69	P32579	3.577339149433859e-08
70	P36036	7.121769745661118e-08
71	Q02648	2.62199599518997e-08
72	P43638	1.1178054465917492e-08
73	P40362	2.6490345681447563e-08
74	Q03919	2.077214908330573e-07
75	P51534	2.039395411886165e-08
76	P53968	2.409933053765014e-08
77	Q07878	5.143706947281133e-09
78	P32387	6.024513565888816e-08
79	P38817	2.872789251522071e-08
80	P40498	2.246685992531794e-08
81	Q02884	3.7896353089684345e-08
82	Q12100	2.8353435142685025e-08
83	P28273	1.4173299140817692e-08
84	P39742	9.467745683087832e-08
85	Q06892	4.464668562467166e-08
86	P40540	1.3057197695321335e-07
87	Q12451	1.4306666318356613e-08
88	Q12369	1.8513186363185187e-08
89	P35725	1.1216442287143904e-07
90	Q06704	2.0657648111086425e-08
91	Q04372	5.137519472820658e-08
92	Q02201	4.2426845989260526e-08
93	P43556	2.665862060757531e-08
94	P48567	4.887703821552884e-08
95	P53743	6.166458792409443e-08
96	Q02931	2.243108141676737e-08
97	Q06629	2.9477037379480473e-08
98	Q05949	5.120627246734723e-08
99	P38127	5.5694292097869664e-08
100	Q12220	2.2293288890745865e-08
101	P48525	3.8975512256673596e-08
102	P40053	3.404115968813878e-08
103	P12945	2.507231231659812e-08
104	P48563	1.3347473263161499e-08
105	P53301	4.7406888896616224e-08
106	P53313	2.906477202970559e-08
107	P47037	1.7816913234151113e-08
108	P10964	1.3588029345822661e-08
109	P22579	1.4603728210528973e-08
110	P39936	2.5057661918311223e-08
111	P46675	2.5807223649054582e-08
112	Q02754	1.1438757580741033e-07
113	P46959	5.955257000140265e-08
114	P53073	1.2323593965487523e-07
115	Q92331	3.4677317169579614e-08
116	P53206	6.218405609271305e-08
117	Q08924	2.3520027237105642e-08
118	P50086	1.0525843196335622e-07
119	Q04031	9.641047284180156e-08
120	P38970	2.8278440286941055e-08
121	P32839	5.295017630799999e-08
122	P47083	4.045237186093003e-08
123	P53720	6.331812837089462e-08
124	Q03330	5.348655217955362e-08
125	P53729	5.685850012286847e-08
126	P38065	2.4015864188443143e-08
127	P53848	2.98230264091505e-08
128	Q06096	2.8360775086925495e-08
129	P24276	2.0485554534343197e-08
130	P33759	8.297226583580034e-08
131	Q02959	3.6637735570598456e-08
132	P89102	2.5967116973514297e-08
133	P37366	6.453418293563724e-08
134	P47048	5.554278651063952e-08
135	P38149	3.078399925570383e-08
136	P40079	7.40505035088905e-08
137	P11325	3.004535632050787e-08
138	Q06505	6.689621264256146e-08
139	P32910	8.567098199372918e-08
140	P32610	1.062795339408286e-07
141	Q03653	3.5252944266973205e-08
142	P32611	7.194024666290995e-08
143	Q02204	1.0504065812873007e-07
144	P40959	5.358120663447501e-08
145	P38217	3.089904040727714e-08
146	P54730	6.890562257534144e-08
147	P25339	3.317030491591683e-08
148	P15790	7.285847718767344e-08
149	P32500	4.480879926073916e-08
150	P25555	6.87182358158793e-08
151	Q12019	6.006732125839208e-09
152	P53915	1.2171324650292602e-07
153	P24000	1.9315457404773846e-07
154	P40470	1.4219394889066134e-07
155	P38261	3.986721639871852e-08
156	P47163	8.845644623773787e-08
157	Q00618	8.709368337116816e-08
158	P38959	3.059059953070922e-08
159	Q03834	2.4785893898132417e-08
160	P36132	8.141479588709303e-08
161	P48582	3.579262687414613e-08
162	P00127	2.0220586526765647e-07
163	P39009	6.08973838932798e-08
164	P08018	4.931903470261082e-08
165	Q12389	3.191771490646691e-08
166	Q06512	5.677312777256873e-08
167	P38153	6.720202679403653e-08
168	P33753	5.0803740190384134e-08
169	Q03435	1.5562332213266436e-07
170	P28625	9.01684204362914e-08
171	Q00582	1.0506795042292101e-07
172	P25569	4.4780556150594265e-08
173	P47164	5.2392696368142813e-08
174	P38175	1.8607052910611453e-07
175	P53183	9.929323172997782e-08
176	P52490	2.1827658965961053e-07
177	P36090	6.534629156540589e-08
178	Q06078	3.711931649751098e-08
179	Q06679	4.437201975139534e-08
180	P32386	2.069316795389779e-08
181	P35194	1.362048115681952e-08
182	P32844	4.195744431209418e-08
183	Q07527	2.3784269632536732e-08
184	P47008	1.1450002398834225e-07
185	P36054	1.634507224312488e-07
186	P40557	4.860997577080622e-08
187	P22855	3.17781768098413e-08
188	Q99288	1.0122660653974003e-07
189	Q08685	8.001181487296163e-08
190	Q08448	7.919321253109985e-08
191	P38620	1.165408749457775e-07
192	P27801	3.7803880149117504e-08
193	P38182	2.981955493394727e-07
194	P36144	1.2894271426402495e-07
195	P28239	1.149130661238283e-07
196	P43613	1.203742345912506e-07
197	Q99207	4.3989565489792655e-08
198	P04051	2.558247842643702e-08
199	Q01476	2.8564809725374727e-08
200	P35729	3.479905185400815e-08
201	Q01477	4.1506140519475664e-08
202	Q6Q546	5.114181884558131e-07
203	P25359	9.6437068251891e-08
204	P39523	4.0101847396326595e-08
205	P18851	9.119290339765206e-08
206	P05453	5.573603330566403e-08
207	P53079	8.8415167549158e-08
208	Q12329	1.0041303772929477e-07
209	P24583	3.2974853014859934e-08
210	P40517	1.2055819676506762e-07
211	Q12017	1.3314645194915647e-07
212	P46682	4.776998538986056e-08
213	Q12383	8.119811084683039e-08
214	P19516	1.2946904394179267e-07
215	P39008	8.891382578208137e-08
216	P32566	7.765713951619324e-08
217	Q6Q547	6.711526740450112e-07
218	Q08961	6.643526355943396e-08
219	P53969	8.2313466083313e-08
220	P14908	1.1393466658444976e-07
221	Q99210	1.7163145463139757e-07
222	Q04660	4.967358655479068e-08
223	P38874	1.2948110544291253e-07
224	P23293	6.196109730319531e-08
225	P39962	7.719088715626758e-08
226	P38747	1.288210058953019e-07
227	P38786	1.4514416538605997e-07
228	P22354	2.1180041897503078e-07
229	P25368	1.3866812262339227e-07
230	Q06287	1.7488650366611914e-07
231	P34220	1.029926722310192e-07
232	P40350	1.2738706135609436e-07
233	P36121	1.5261645288632868e-07
234	P53305	3.959605255550812e-07
235	P32523	8.681864202502392e-08
236	P38352	6.998291906712667e-08
237	Q12504	8.62006032663784e-08
238	P18900	9.471480554816853e-08
239	P89105	4.009443859584506e-08
240	Q06497	1.3800542829882458e-07
241	P50101	3.496916190579771e-08
242	P27514	5.056583246686074e-08
243	P25382	8.852208558559604e-08
244	P53881	1.4586955808245223e-07
245	P32802	6.701687854747045e-08
246	Q05946	5.6161491944220684e-08
247	P39538	3.575529708448682e-08
248	Q08826	2.7278085369218284e-07
249	P38915	7.762062367746746e-08
250	Q04472	8.89232054163201e-08
251	P41835	8.91442133258924e-08
252	P32657	3.083573092001357e-08
253	P38884	1.4233061035966344e-07
254	Q05040	8.816621297566461e-08
255	P47054	2.7364693813166332e-08
256	P52918	3.68968811429508e-08
257	Q12387	5.696509115311911e-08
258	P39705	8.976567105032885e-08
259	P43597	3.8495605856222725e-08
260	P36120	6.368778989456939e-08
261	Q06218	7.920726410721835e-08
262	Q99383	9.085949487276816e-08
263	P08425	9.902247225206888e-08
264	Q02774	2.3110822263278694e-07
265	P36161	4.1325969316584185e-08
266	P36081	1.1996759680656348e-07
267	P47075	6.646976216392054e-08
268	P42842	5.428079851124491e-08
269	Q12509	1.1111589098542609e-07
270	P53144	2.198835299538203e-07
271	P47096	2.755034348658919e-07
272	P36520	1.5343250150685142e-07
273	P25298	6.997236760608568e-08
274	Q03799	3.203055142679892e-07
275	P22276	4.323346240888162e-08
276	Q07844	6.029162281806381e-08
277	Q06188	1.5915035706551616e-07
278	P47093	4.5647909650653695e-07
279	P32288	1.3540846466697942e-07
280	P53170	1.0025766782583017e-07
281	P07236	1.0666400823216033e-07
282	P40029	2.761625915022171e-07
283	P47061	6.117610830107464e-08
284	P40561	2.0202588292709837e-07
285	Q12155	3.0664264630118836e-07
286	P15367	3.142638702694338e-07
287	P47047	4.851294610813635e-08
288	P36145	1.602798734041434e-07
289	P17883	3.6330129899981116e-08
290	P16661	1.1458666093878618e-07
291	P53008	6.171526397244153e-08
292	P40335	1.4019632277111185e-07
293	Q12166	9.005368393119133e-08
294	P36123	5.19119439967817e-08
295	P38798	4.801416843861487e-08
296	P43590	9.912211176263996e-08
297	P38812	2.9356988236949726e-07
298	Q99216	2.0320504222996867e-07
299	Q04600	9.696014585472934e-08
300	P53844	1.539608344113042e-07
301	P04803	1.4653997400955e-07
302	P38737	3.003500925116422e-08
303	P46963	1.8228283043880654e-07
304	Q12532	5.336619412170845e-08
305	Q02206	8.8189389926928e-08
306	Q04336	5.0397947060321404e-08
307	P32913	1.0119219296048687e-07
308	Q05359	2.596893621518062e-07
309	Q12181	8.920348221835965e-08
310	Q04603	2.9413303135711e-07
311	P53550	5.980385561237964e-08
312	Q06705	1.38690466979257e-07
313	P38738	8.500530019628144e-08
314	O13297	1.0715747828103121e-07
315	P53155	1.5299543794446317e-07
316	P41819	1.852292229364288e-07
317	Q12487	3.608592980072331e-07
318	Q6Q560	5.933459704309725e-07
319	P38067	1.2376221649503417e-07
320	Q07532	1.656141775612282e-07
321	P50945	2.506820587585975e-07
322	P53326	8.331108158750496e-08
323	P38853	5.160208399250131e-08
324	P53859	2.156412908630965e-07
325	P47006	2.556446451531571e-07
326	P54860	6.251716479351733e-08
327	P38803	1.8147077791386028e-07
328	P53295	1.6826995024510536e-07
329	P27697	1.2235957647296918e-07
330	Q12099	1.5471532263837448e-07
331	Q12176	6.019407329287319e-08
332	Q06639	6.928457335912594e-08
333	P31377	2.430295415691903e-07
334	P25559	1.6107439665267077e-07
335	P24279	6.602803433041336e-08
336	P25632	1.3115610436227426e-07
337	P20795	8.997016503416908e-08
338	P53072	2.134719121534293e-07
339	P26754	2.3945328140712817e-07
340	P20448	8.254725542798365e-08
341	Q08045	4.841164651994218e-07
342	P53091	6.424143031319599e-08
343	Q12341	1.654843987531409e-07
344	P40529	2.2309714391406752e-07
345	P47130	1.4720568011800398e-07
346	P25586	1.9617483708232185e-07
347	Q12055	3.2115664326851913e-07
348	Q12072	7.841495958315005e-08
349	P25635	7.081930535762895e-08
350	P46669	2.037925962906905e-07
351	P38797	1.965336090727626e-07
352	P30619	8.909723405138599e-08
353	Q08951	7.018855735190854e-08
354	P39744	9.204116918001355e-08
355	P38818	1.1083361589619898e-07
356	P32790	5.627184270413686e-08
357	P38712	1.3671178160889497e-07
358	P39925	9.111845454761461e-08
359	Q07979	1.3355653901316385e-07
360	Q12404	2.1270593904450982e-07
361	P40347	4.158063089173518e-07
362	P33311	9.148140209333554e-08
363	Q02354	1.4866353488180076e-07
364	Q03790	1.4823338972023093e-07
365	Q12518	1.5055445308730145e-07
366	P38323	1.3677047029337945e-07
367	P53107	1.579324096652876e-07
368	Q06090	4.928872822842615e-07
369	P43577	4.4508993013344944e-07
370	Q12374	1.1472030485623028e-07
371	Q05900	3.009601013017975e-07
372	P50094	1.4457261841221168e-07
373	Q06137	1.4005192133887096e-07
374	P53100	1.9154786907935096e-07
375	Q06709	1.6575770340574236e-07
376	P35196	2.527954669761231e-07
377	P53136	1.5937310262649705e-07
378	Q03677	3.971838543747525e-07
379	Q08647	1.0800456349089123e-07
380	P36069	2.4626968448123564e-07
381	P40485	1.0777695299878774e-07
382	P43585	8.809146861837192e-08
383	P27476	1.889173747299572e-07
384	Q3E7A4	6.499853593517034e-07
385	Q07938	2.223347047906439e-07
386	P38112	9.690297883890024e-08
387	P36016	8.484260613111845e-08
388	P37293	2.5785953699499517e-07
389	P06776	1.3869902886362737e-07
390	P38885	2.507271928143371e-07
391	P38604	1.0323399815504901e-07
392	P53265	1.855954165609076e-07
393	P53893	6.988892613420973e-08
394	P53067	7.778190406488003e-08
395	Q01802	1.7134205195142192e-07
396	P38688	1.2084292482810002e-07
397	P33313	2.023688590831489e-07
398	P14063	5.791173108180528e-07
399	P39993	5.443383868060161e-08
400	Q02793	2.0400970237751998e-07
401	P34224	4.0546247916668176e-07
402	P10849	1.7679939936115143e-07
403	P35202	2.4741097434069264e-07
404	P40477	5.701350137627275e-08
405	P38333	1.6476768816218917e-07
406	P25580	1.901352046216181e-07
407	P34253	2.5799161717576986e-07
408	P30657	3.097808913940999e-07
409	Q08444	1.7632500960220204e-07
410	P11792	1.000168918240527e-07
411	P40360	1.406407477888628e-07
412	P00812	2.5915405367304187e-07
413	P38793	1.6427679382688802e-07
414	P38256	3.4288179827450667e-07
415	P38862	1.3010129640420605e-07
416	P40018	4.158633816784415e-07
417	P39715	3.8992227358328846e-07
418	Q04934	1.8771597789597423e-07
419	P53929	3.079533708345068e-07
420	P36007	2.730049295715687e-07
421	Q06493	1.8297180559434233e-07
422	P35845	7.083277468011974e-08
423	Q12272	3.6620806864223375e-07
424	P53276	1.197080729643481e-07
425	P22517	1.9049498256289582e-07
426	P39968	1.525528786939707e-07
427	Q08162	8.48207825016912e-08
428	Q03327	1.6806937468612731e-07
429	P32875	2.1068121556814607e-07
430	P39685	6.437443404090034e-08
431	P53877	1.5895196032397003e-07
432	P23615	5.8434794038108145e-08
433	Q07381	1.0844348528646072e-07
434	P29703	2.654275376727721e-07
435	P38262	1.6864024816728004e-07
436	P53254	7.118731404447225e-08
437	P47025	1.2522595443972485e-07
438	P10834	2.903466816029718e-07
439	Q08179	1.5480615951628846e-07
440	P48527	1.823589601917178e-07
441	Q12676	2.109924383404307e-07
442	P12688	1.3222477592301039e-07
443	Q03835	3.587635868607409e-07
444	P39945	2.0966294885442695e-07
445	P39985	8.759213725894816e-08
446	Q05931	1.406755241678663e-07
447	P40210	1.8259011360233673e-07
448	P46673	1.2014045383078552e-07
449	P32899	4.7104963517600415e-07
450	P52891	1.2342196200450915e-07
451	P43612	8.978849460486772e-08
452	P42846	1.5056060633806207e-07
453	Q06685	7.995418151321091e-08
454	P47035	8.082331179746087e-08
455	P33309	2.3664490583298277e-07
456	P40318	6.894565739014318e-08
457	P29055	2.7419187071323647e-07
458	Q08208	2.0263559168597333e-07
459	P21827	1.9977533201472375e-07
460	P53172	1.8231276562151246e-07
461	Q07457	1.3142733786379452e-07
462	Q12271	8.521646641451656e-08
463	P38181	6.272540736074043e-08
464	P12630	1.6699912638493063e-07
465	P03874	1.4417687913188027e-07
466	Q05785	1.4864457156563555e-07
467	Q12450	4.545148926710002e-07
468	P32898	9.555635418284563e-08
469	Q06508	3.1801665019543433e-07
470	P36531	5.365847044944169e-07
471	Q00772	1.9401556231717928e-07
472	P07258	2.3825775888488982e-07
473	Q03640	6.365252898036691e-08
474	P40553	4.518436347942706e-07
475	P36000	1.3401532527174208e-07
476	Q02256	2.6763146624984157e-07
477	P24784	1.6240226979415898e-07
478	P22147	6.292943432051715e-08
479	Q00684	1.7857672544844402e-07
480	P15731	6.732359615472575e-07
481	P40207	4.012586549929542e-07
482	P38710	3.4385754325728884e-07
483	Q04373	1.514388408255658e-07
484	P38875	1.6615434167432408e-07
485	P38822	1.606244694293016e-07
486	P30665	1.0894825144299745e-07
487	Q02908	1.7995176492471208e-07
488	P20604	3.2340187594317364e-07
489	Q04689	3.209044668343982e-07
490	P36057	4.312779745262386e-07
491	P53078	3.6393131008375985e-07
492	P25441	2.496040454766889e-07
493	P40970	1.846637102483862e-07
494	P40958	5.250188283702624e-07
495	P13586	1.1226655666323265e-07
496	P33417	1.7362845450590597e-07
497	Q12500	1.3656235531688063e-07
498	Q08925	1.7317771154399603e-07
499	P53145	1.6407523190992746e-07
500	Q02629	1.203669788885511e-07
501	P32795	1.4742336480236472e-07
502	Q06523	2.448801039270894e-07
503	P38254	1.3987292527756387e-07
504	P40469	1.0257342078333034e-07
505	Q01590	3.132976212858033e-07
506	Q04223	3.447250587218337e-07
507	P25560	5.463633921172549e-07
508	P09440	1.1467480736616575e-07
509	P38746	2.6766377301909464e-07
510	Q04081	3.264280028165455e-07
511	P25655	5.138797067887204e-08
512	P36521	4.3437709013500083e-07
513	P32353	2.909409516168513e-07
514	P08518	9.006190827138637e-08
515	P41896	2.6827671498389077e-07
516	Q03124	1.9191638510061984e-07
517	P18759	1.4948146320099348e-07
518	Q06504	5.513171126549933e-07
519	P34077	1.313993837726059e-07
520	P54114	2.2836066924139053e-07
521	P53946	1.4448799895398767e-07
522	P39969	1.0940537678408587e-07
523	P39013	3.148237354267957e-07
524	P11914	2.393379908704422e-07
525	P01119	3.745887857280085e-07
526	P47173	3.2448299279134594e-07
527	P35189	4.695315429334825e-07
528	P53868	2.0344062308162214e-07
529	Q01159	2.459091403991271e-07
530	P36076	1.9923701544344245e-07
531	P16603	1.6973419364950297e-07
532	P24521	2.583109060399115e-07
533	P36532	1.0948543294717039e-06
534	Q04119	1.6729148588950453e-07
535	P38882	2.0088994102638314e-07
536	P28737	3.2567946653867776e-07
537	P35724	1.2010214838440084e-07
538	P50110	3.526320919348969e-07
539	Q03010	2.5993598562654067e-07
540	P21375	2.418656844602104e-07
541	Q12018	1.4206148535591989e-07
542	P43636	2.3041413389849226e-07
543	P47077	1.7216905983450773e-07
544	P38883	1.557558510053547e-07
545	P38426	1.1464256664783938e-07
546	P16622	3.0730725241497563e-07
547	P13259	2.7883238859886976e-07
548	P39517	2.409363015595281e-07
549	P32628	3.2753458648016464e-07
550	P32477	1.7760828094520493e-07
551	Q02199	2.8302291746109874e-07
552	Q99189	1.2578736036777013e-07
553	Q07418	3.601190079056327e-07
554	P42838	2.93893346631614e-07
555	Q03529	3.132538998818144e-07
556	P34216	9.325643483680056e-08
557	P38819	5.835290422442388e-07
558	P27466	2.8290073109266e-07
559	P53875	8.551629659972911e-07
560	P14681	3.339250105958996e-07
561	Q04228	2.1436919381961422e-07
562	P32771	3.488333667707025e-07
563	P53843	4.1724983517654167e-07
564	P14164	1.766683140283227e-07
565	P20435	8.105177042457326e-07
566	Q08446	3.2425317790711923e-07
567	P06197	5.868455287146878e-07
568	P52488	2.0541914188170294e-07
569	Q12466	1.0980179921300113e-07
570	P38174	3.1074587030392485e-07
571	P06781	6.898235794411115e-07
572	P20049	2.911376152611489e-07
573	P53299	1.3172503077372796e-06
574	P22936	3.596721431254064e-07
575	Q08954	5.583922397948456e-07
576	P36152	3.916491271061902e-07
577	P53925	2.043072658643357e-07
578	P47031	1.83278465998763e-07
579	P38694	2.125239576363317e-07
580	P06782	2.1079742005036317e-07
581	P40481	3.5732407642446233e-07
582	P33307	1.3900434427753156e-07
583	Q03769	3.220414169795407e-07
584	P07807	6.284080243589399e-07
585	P14907	1.7646786201720733e-07
586	P46989	5.063754803783066e-07
587	Q12324	1.962448517704958e-07
588	Q00873	5.87616663470312e-07
589	P38281	4.306723674730792e-07
590	Q03266	3.6191164457745854e-07
591	P38353	2.8953145627750675e-07
592	P53909	3.8966817913808414e-07
593	P53111	4.065669703700802e-07
594	Q06385	3.946542348504543e-07
595	P32895	3.306753362527919e-07
596	P38732	2.3069700018015048e-07
597	P38172	5.103347311621199e-07
598	P53131	1.7854931888964636e-07
599	P38825	2.1856502484520072e-07
600	P32803	6.762031883861943e-07
601	P15274	1.7105449041600294e-07
602	Q06672	6.749365652407251e-07
603	P53960	3.1448636391697637e-07
604	Q12463	3.237342720875161e-07
605	P53742	2.9289218883569776e-07
606	P31688	1.5806651913221738e-07
607	Q3E705	6.003636388750867e-07
608	Q06107	4.4330432551951593e-07
609	P32356	1.90619275006293e-07
610	Q03532	2.8914915693238584e-07
611	P11938	1.7826600293912282e-07
612	P49687	1.132024099083376e-07
613	P38628	2.65992582239956e-07
614	P53629	2.233019744906088e-07
615	P26793	3.823069246303684e-07
616	P32331	4.958901856288215e-07
617	P38144	1.2637347994391515e-07
618	P33333	4.910523754560238e-07
619	P32864	2.481159062246628e-07
620	Q08818	2.0996642241494067e-07
621	P22135	4.5936138214548785e-07
622	Q05029	2.0467180275308142e-07
623	P13517	5.153719030050241e-07
624	P34087	8.881253770732761e-07
625	P53261	2.4340185331041605e-07
626	P25371	1.4633513066914416e-07
627	P53193	7.89550275741162e-07
628	P40093	4.509352029199458e-07
629	P47122	3.995580974451166e-07
630	Q99394	5.622276150343514e-07
631	Q04772	7.462473291741362e-07
632	P40348	4.3638793151032503e-07
633	P47148	5.396675276724952e-07
634	P46683	7.786541726776215e-07
635	P39729	4.277653973925969e-07
636	P53177	5.678997985995026e-07
637	P11075	7.728443345019161e-08
638	P41939	3.781788123456923e-07
639	P32561	3.604551702807295e-07
640	P40030	1.0314476063805254e-06
641	P53256	7.259943755398604e-07
642	P25303	4.2718903928383265e-07
643	P32602	5.424907842466238e-07
644	P38351	3.4517938661042993e-07
645	P25340	3.198291436767443e-07
646	P43555	3.5697627973567195e-07
647	P53260	8.676840207969152e-07
648	Q12455	5.295775586015627e-07
649	Q06678	4.216382208007527e-07
650	P27929	3.2366597598139683e-07
651	P53195	5.806264166857581e-07
652	P49095	1.6175208945598786e-07
653	P46988	1.4573817115223236e-06
654	P39727	4.0303816169014946e-07
655	P38087	5.121447529822836e-07
656	P36041	2.6925305077721663e-07
657	Q12386	1.8833565364696777e-07
658	P40161	3.657964149939641e-07
659	P40530	4.1655251096950836e-07
660	P35732	2.2557618909449855e-07
661	P14747	2.768821559766225e-07
662	Q12000	4.803006409461985e-07
663	P39011	2.67606783961835e-07
664	P36103	5.904463485260975e-07
665	P40341	2.0465133373563722e-07
666	Q07657	3.0517024964808934e-07
667	P38255	3.9380949802935095e-07
668	P22353	7.113221872241969e-07
669	P33892	6.487684168107084e-08
670	Q12754	1.400370741221485e-07
671	P32916	2.806277088357894e-07
672	P42942	4.32277399733883e-07
673	Q00362	3.292729183460033e-07
674	P12611	3.5520078731667624e-07
675	Q06631	3.227025073166459e-07
676	P53920	1.783955969619499e-07
677	P12687	4.5877212509084746e-07
678	P53140	2.6768088219707227e-07
679	P38779	4.6964239587465784e-07
680	P35197	5.086232463635129e-07
681	P12686	5.130414933858432e-07
682	P40564	4.118708197195298e-07
683	Q08492	8.209165791316731e-07
684	P53044	5.036526972121179e-07
685	P38929	1.5342911017655027e-07
686	P38122	5.830824335376954e-07
687	Q12242	2.6718197692499286e-07
688	P38913	5.687111089818844e-07
689	P36519	6.130002913262655e-07
690	P29478	6.524530546701827e-07
691	Q08645	3.27310601341186e-07
692	P19524	1.1379321800490971e-07
693	Q04935	8.656143802547516e-07
694	P40991	2.94652796820757e-07
695	P36151	5.228666658347667e-07
696	P53235	2.8915120614451404e-07
697	P33754	8.518259243731052e-07
698	P39525	4.350305474555236e-07
699	P32266	2.0880246119587885e-07
700	Q07395	2.954492640605452e-07
701	P40045	1.4364496110417697e-06
702	P38066	5.435314950392322e-07
703	P26570	2.692222599064598e-07
704	P17890	7.528299828214562e-07
705	Q99312	4.0697749846937736e-07
706	P17423	5.426606640930186e-07
707	P40013	5.486948461960797e-07
708	P38759	6.788970454043132e-07
709	P40515	1.1937662102546735e-06
710	Q05881	5.182392342619875e-07
711	P46948	7.729594666041662e-07
712	Q08920	8.971862454325949e-07
713	P47001	9.209771256121011e-07
714	P47089	9.519862082828177e-07
715	P22146	3.5959716233659416e-07
716	P25385	7.817762802401762e-07
717	P38810	2.073072129271221e-07
718	P40545	7.324920535672367e-07
719	Q08412	4.625053217928063e-07
720	P38221	4.189119693473975e-07
721	Q12233	1.6835645484812217e-06
722	P33338	1.9974788498539268e-07
723	P40078	7.358728811574165e-07
724	P39543	8.233518722206951e-07
725	P53753	1.816168418557735e-07
726	P38615	5.113789203702271e-07
727	P18962	2.3566315084375112e-07
728	P54858	6.149783069200303e-07
729	P34162	9.69057399742446e-07
730	Q04304	8.917922126434461e-07
731	P43561	3.1418552307143807e-07
732	P06785	6.357998571943819e-07
733	P36775	1.753974216304477e-07
734	Q06252	1.008151775957885e-06
735	P32388	1.3940620200253773e-06
736	P38716	5.267626116797975e-07
737	Q04599	7.231738722015624e-07
738	P53316	2.5051931001725515e-07
739	P40491	1.221327269748986e-06
740	Q03774	4.4562977009417123e-07
741	P38288	4.691292216964016e-07
742	P18961	2.9371838160761667e-07
743	Q3E846	1.8104046747476983e-06
744	P38816	6.091175143729545e-07
745	P53292	5.71519480435585e-07
746	P37303	5.291493259686993e-07
747	Q08245	1.809870675775368e-06
748	P27810	4.959987425893268e-07
749	Q3E785	2.447805211651588e-06
750	P32608	3.492424275853806e-07
751	P40462	2.1470389019378352e-07
752	P00572	9.44712185538185e-07
753	Q08213	5.506607048913903e-07
754	Q05892	7.407982745873735e-07
755	Q04493	1.2722662844704383e-06
756	P38768	5.91198942045555e-07
757	P09032	3.5586986684557596e-07
758	P20436	1.418814804314979e-06
759	Q12024	4.568001608505196e-07
760	P38787	5.543528135605992e-07
761	P40106	8.55637217152992e-07
762	P48363	1.0309664161597598e-06
763	Q12522	9.041712937391562e-07
764	Q06494	6.234072231499963e-07
765	P39935	2.2497756075449368e-07
766	Q12028	2.584789441101203e-07
767	P32642	8.845803715675078e-07
768	P50109	3.7308082780724494e-07
769	Q03103	3.7635169045544876e-07
770	P33324	6.789306353232262e-07
771	P39111	1.824174245094217e-06
772	P25576	8.281912368433914e-07
773	P46971	2.796134290670158e-07
774	P32911	1.9978156494710122e-06
775	P38235	6.108349599028452e-07
776	P07702	1.58689759182085e-07
777	Q05979	4.849649029861959e-07
778	Q07541	1.4630411131781285e-06
779	P52286	1.1137969797512485e-06
780	Q12199	6.069792686362144e-07
781	P46151	3.3698778013984164e-07
782	Q06706	1.6404649016742907e-07
783	Q10740	3.2665426638343476e-07
784	P21304	3.9669733733445485e-07
785	P53551	9.117799611636335e-07
786	P25374	4.662330974873416e-07
787	P17891	9.580964135379375e-07
788	P08539	4.721651473328756e-07
789	Q99316	7.886409113718038e-07
790	P38878	7.976781281561168e-07
791	Q07623	1.0145931510132398e-06
792	P38137	4.254203473992291e-07
793	Q06697	5.790575428020465e-07
794	P39730	2.3105463988295338e-07
795	P00431	6.429812131219449e-07
796	P42945	1.303643592039325e-07
797	Q12298	4.2668311870339626e-07
798	Q3E772	2.48995606570563e-06
799	P53323	8.743545310496766e-07
800	Q01976	1.0045386547801136e-06
801	P36534	7.819187700566982e-07
802	Q08230	1.3894389623789997e-06
803	P42949	1.632038915399073e-06
804	Q12251	7.437164533777199e-07
805	P29468	4.1484735225388597e-07
806	Q04212	7.008109305855261e-07
807	P38758	4.658485640848897e-07
808	Q07953	9.502931963207656e-07
809	P04161	1.142726179776378e-06
810	P40016	4.4562507697171025e-07
811	P33755	4.096326545154249e-07
812	P32857	4.504004491695787e-07
813	P40010	4.6901067694562044e-07
814	Q04066	9.061372343925376e-07
815	Q12408	1.4278398865197176e-06
816	P36160	6.885332321399945e-07
817	P47095	9.987829850393564e-07
818	P39940	2.98429195801299e-07
819	P32178	9.226602176072931e-07
820	P38922	5.264097016594825e-07
821	P32769	3.99456534702079e-07
822	P32604	5.22119741330806e-07
823	Q02821	4.5651709047662935e-07
824	Q07825	3.2579445150270967e-07
825	P45978	7.06383265728049e-07
826	Q05583	7.43124590263064e-07
827	P36037	3.4898577474453113e-07
828	Q08972	2.070861659748909e-07
829	P32832	5.619153617342773e-07
830	P38132	2.946530662834189e-07
831	P32629	4.814355101186362e-07
832	P39986	2.0732495646494428e-07
833	P32915	5.310704059551723e-07
834	P40496	9.216965303918705e-07
835	P53081	8.820593436555571e-07
836	P35191	5.070109118372342e-07
837	P50087	1.0478583691329944e-06
838	P38074	7.099909255723633e-07
839	Q04430	6.925117440044719e-07
840	P49775	1.2121385729278509e-06
841	Q12283	7.034596078182228e-07
842	P36150	4.335403015392422e-07
843	Q04409	5.176988674500892e-07
844	P22696	1.4922644839131027e-06
845	P25045	4.659451450523107e-07
846	P42826	4.2451409400400266e-07
847	P53617	4.5435941999222383e-07
848	P53332	8.46933038166939e-07
849	P25617	8.650971688444719e-07
850	P53112	7.580376044361544e-07
851	P20485	4.3932199227159356e-07
852	P50278	8.197832732297427e-07
853	P38349	5.854056430161275e-07
854	Q07716	6.606693454359324e-07
855	P19956	2.568583809521971e-06
856	P21560	7.543961865345664e-07
857	P32337	2.436207985732587e-07
858	P52489	5.343812581842077e-07
859	P20424	4.957867247834618e-07
860	P10962	8.348097723288121e-07
861	P53883	6.54879704633302e-07
862	Q03784	1.203633677994401e-06
863	P23833	9.02318388961232e-07
864	P36525	9.970515182271959e-07
865	P32626	1.1915286069346837e-06
866	Q04225	5.24624380217399e-07
867	P32502	7.069361042499948e-07
868	P53075	4.52473346127194e-07
869	P14906	4.0227483980472656e-07
870	P33421	1.37366850480821e-06
871	P30656	9.615065139735162e-07
872	P50108	6.546739778507822e-07
873	P40452	1.3888131526855751e-06
874	P38777	1.1217443197846538e-06
875	Q08421	6.515505611854623e-07
876	Q12355	6.749289984357266e-07
877	Q08686	9.040936282048738e-07
878	Q12051	8.059876784150828e-07
879	Q12496	2.642306552717717e-07
880	P12754	4.4331265886375933e-07
881	P40017	3.0428254955866064e-07
882	P39979	1.6731576201350909e-06
883	Q04175	2.912722124775737e-07
884	Q12690	1.4003738662012548e-06
885	P38755	6.377071352477776e-07
886	P53101	6.150908724661023e-07
887	Q02892	4.3091007957143723e-07
888	Q12009	9.605503398409622e-07
889	P53878	6.902378722758431e-07
890	P21182	6.949404792068661e-07
891	Q06511	1.1397204757603873e-06
892	O14467	1.970488203793311e-06
893	P43535	3.8182157164256575e-07
894	Q08746	1.4239217770131385e-06
895	P40693	8.946740125594961e-07
896	P17558	9.093975193745362e-07
897	Q04338	1.3338814401199857e-06
898	P07253	1.7670803751217852e-06
899	P32860	1.132963914952639e-06
900	P23642	5.43065875550853e-07
901	P50107	8.96749035233573e-07
902	Q05123	6.312967009011709e-07
903	Q02647	3.2157952742799086e-06
904	Q01852	6.87645242863442e-07
905	P29295	5.881727010241144e-07
906	P43609	5.355151382498369e-07
907	P53927	1.3317333349536086e-06
908	P53914	2.8733611437055687e-07
909	Q08962	1.6853266079979779e-06
910	P40506	8.220481525732254e-07
911	P21825	1.100151400134356e-06
912	P06245	7.802882132369084e-07
913	P27614	5.347618421126842e-07
914	P40319	8.754914813909973e-07
915	Q05050	3.7025358285976533e-07
916	Q05567	5.272809234538026e-07
917	Q06624	8.808878384788053e-07
918	P40040	1.4415344769227643e-06
919	P53278	3.7633737258400147e-07
920	P11353	9.302122973832353e-07
921	P38856	4.908379705189379e-07
922	P41543	6.521380746443414e-07
923	Q12211	5.706077103439768e-07
924	Q08096	8.854128025876289e-07
925	Q02950	9.056687826886986e-07
926	P53736	1.2496566853610164e-06
927	P53885	8.887431638584445e-07
928	P36013	4.820559216583243e-07
929	P40548	1.959251197235236e-06
930	P53860	8.855864152486398e-07
931	P48837	6.337884208651355e-07
932	P39929	1.3535211681542245e-06
933	Q03778	1.4897606901864242e-06
934	Q03201	1.5623496523326366e-06
935	P15807	1.1508202245523548e-06
936	P32074	3.5373504779401003e-07
937	P43558	1.1082593772107392e-06
938	P22434	8.85366166073118e-07
939	Q12692	2.611648149980859e-06
940	P31384	3.9410055135972404e-07
941	P33401	5.938199814150006e-07
942	P38120	1.1740340793500266e-06
943	Q05874	1.2680730144313891e-06
944	Q03219	1.2068576605518174e-06
945	P53691	8.968431290618163e-07
946	P39927	8.039515881778006e-07
947	P36154	2.053059986821327e-06
948	P25375	4.626191881106176e-07
949	P46985	7.928730607146254e-07
950	P36101	7.558226123008608e-07
951	P47137	1.1814121182198706e-06
952	Q12406	7.149106303771143e-07
953	P22138	2.8411254321050006e-07
954	P36015	1.7066712986750287e-06
955	P47160	8.595353337339417e-07
956	P38169	7.577598486854474e-07
957	P04050	2.0864296187228225e-07
958	Q12305	2.5964038374513767e-06
959	P40081	1.9615413123806394e-06
960	P53852	4.585628519248392e-07
961	P38845	7.882253412081039e-07
962	Q06103	8.242052016636759e-07
963	P28789	1.105137920404671e-06
964	P53724	2.494682374034833e-06
965	Q06630	1.519214591497727e-06
966	Q05636	1.2080648474702655e-06
967	P32457	6.85781513031928e-07
968	P32643	1.1887518748939466e-06
969	Q99287	4.6259007389873167e-07
970	P12904	1.1395333232066404e-06
971	P40555	1.673956168480315e-06
972	P25567	8.671783002168208e-07
973	Q08220	7.483619655513251e-07
974	P53334	1.0402993041315163e-06
975	P40850	4.423643113980312e-07
976	P38238	1.204620485080689e-06
977	Q12270	1.4204835308456666e-06
978	P10662	1.1442765981940218e-06
979	Q12517	1.609046631607611e-06
980	P25367	9.927732956419456e-07
981	P32264	8.9721158233502e-07
982	P32452	1.1149834178173686e-06
983	P14743	8.068221563227088e-07
984	Q03148	1.3415144604425048e-06
985	P49017	1.231409938581888e-06
986	P38912	2.449853177034661e-06
987	P40482	4.1307820646902834e-07
988	P15891	6.5341806168938e-07
989	P53622	3.169823909816027e-07
990	Q01080	9.242140433098792e-07
991	P33298	9.017333581719264e-07
992	P08466	1.1628541632513083e-06
993	P36147	1.9738265233773483e-06
994	P38996	4.798667816624336e-07
995	P20447	7.387193741028847e-07
996	Q07915	1.816705425478215e-06
997	P54783	7.349124694787993e-07
998	P36114	5.357200778875869e-07
999	P32524	1.3251917162442047e-06
1000	P41734	1.6054119683976745e-06
1001	P47068	3.432713969770077e-07
1002	P41811	4.431314240029482e-07
1003	Q03088	4.7830213488631e-07
1004	Q06142	4.66730173630031e-07
1005	P15496	1.3266717570321543e-06
1006	Q12746	1.2558613528969663e-06
1007	Q03862	6.798624901671285e-07
1008	P53829	1.0796259371471122e-06
1009	P52893	6.692787509858166e-07
1010	P32558	3.751777271004463e-07
1011	P43621	7.371698340724161e-07
1012	Q99257	6.636317477845529e-07
1013	P28274	6.957749712556329e-07
1014	P35184	9.578183838198742e-07
1015	P36516	1.032338825402182e-06
1016	P33201	1.682285713219307e-06
1017	Q08225	5.661470092186311e-07
1018	P32368	6.425481312119228e-07
1019	P09950	7.721240792943634e-07
1020	Q03429	3.296311670629999e-06
1021	P23202	1.1414965934767947e-06
1022	P15424	6.036931625441529e-07
1023	P36517	1.2476065476821858e-06
1024	P38687	6.686434550326637e-07
1025	P22213	6.186446665597557e-07
1026	P24783	7.587929774408104e-07
1027	P22803	4.140321407343092e-06
1028	Q03362	1.8422868504950527e-06
1029	P41810	4.278600276123612e-07
1030	Q05584	1.4941488579303476e-06
1031	P48439	1.1870797187228934e-06
1032	Q00055	1.0974689595349553e-06
1033	Q05022	2.4378884997019683e-07
1034	P38286	1.2169210353787333e-06
1035	P34221	9.1876321586036e-07
1036	P40202	1.7315514618450056e-06
1037	P34160	4.760563224437202e-07
1038	P17157	1.3642742762573772e-06
1039	P40459	1.3628566279680295e-06
1040	P43569	1.4446553226173467e-06
1041	Q02932	3.997395730306045e-07
1042	P38152	1.4926377741654183e-06
1043	P40165	1.7578288871875297e-06
1044	P38197	1.6723732535378908e-06
1045	P27472	6.100524481858166e-07
1046	P25043	1.7325791495457762e-06
1047	P53128	7.18857931205601e-07
1048	Q03786	2.2301323034523567e-06
1049	Q04371	9.194380452740677e-07
1050	P38861	8.43181088275624e-07
1051	Q04080	8.235787625701976e-07
1052	P39984	1.1117157519850866e-06
1053	Q12480	1.3682222936156292e-06
1054	P06100	2.2538624876390467e-06
1055	P47124	1.100595148507765e-06
1056	Q04969	2.4622820246883957e-06
1057	P53905	3.9632461938428424e-06
1058	Q12354	2.0936240530267206e-06
1059	Q99369	1.7039313781429415e-06
1060	P32474	8.816267209190602e-07
1061	P40579	1.9004954897024123e-06
1062	P46982	7.783976732384976e-07
1063	P32453	1.4239687824286993e-06
1064	P54885	1.0575203474875753e-06
1065	P42943	8.821954096863533e-07
1066	P31383	7.452746474926312e-07
1067	P25574	6.095968677931201e-07
1068	P38555	2.1750333611998855e-06
1069	P51996	2.1827917565337682e-06
1070	Q03976	1.4342759290245769e-06
1071	Q12109	1.0877473987903546e-06
1072	Q07451	2.344236611071039e-06
1073	P38833	1.9821341302456137e-06
1074	Q03705	2.6209680174108994e-06
1075	P09734	1.1038631579004308e-06
1076	P36528	1.7101029000952407e-06
1077	Q07505	1.7873995140051237e-06
1078	P42941	1.6114659310835794e-06
1079	P39704	2.3082596745398938e-06
1080	P40070	2.63085983907351e-06
1081	P38113	1.499539266561836e-06
1082	P30822	4.5738701443228265e-07
1083	P38791	1.3266799028749417e-06
1084	P36040	1.8578985071680924e-06
1085	P40510	1.116826302254591e-06
1086	P53303	1.046552526584544e-06
1087	P54781	9.462313907801872e-07
1088	P40056	1.8601378966134696e-06
1089	P38629	1.5368540629931945e-06
1090	P08465	1.0996614546966587e-06
1091	P25642	3.640007508376069e-06
1092	P22133	1.4884424357977952e-06
1093	P07285	1.4699799498722871e-06
1094	P19073	2.856106082693806e-06
1095	P16649	7.788993531928282e-07
1096	P51601	2.2001390193415683e-06
1097	P19881	1.7658675450787584e-06
1098	Q08601	1.2750067516185235e-06
1099	P53200	2.144497133723883e-06
1100	P39107	1.341769545699924e-06
1101	P32501	7.64495801157699e-07
1102	Q06217	4.83059294405104e-06
1103	P25039	7.350349454196325e-07
1104	P25623	6.481456302974296e-07
1105	P47154	1.1928074567204343e-06
1106	P0CT04	7.3112860496987195e-06
1107	P53903	4.178501089128812e-06
1108	P37292	1.1724222938801177e-06
1109	P14904	1.1039445248307147e-06
1110	P36149	2.8631661106421446e-06
1111	Q86ZR7	2.4214424958923957e-06
1112	Q12265	1.1900430102858423e-06
1113	P48510	1.6187374223140348e-06
1114	Q12245	3.8518323636565495e-06
1115	Q07897	1.911704618730551e-06
1116	P38251	1.6276278427816332e-06
1117	P47039	1.2991746154891576e-06
1118	Q06440	8.983686731851198e-07
1119	P37302	1.086067550357351e-06
1120	P39101	1.4583308821958752e-06
1121	Q05515	1.2037420789146556e-06
1122	P32904	2.74056560630784e-06
1123	P13188	7.031155592790526e-07
1124	P17649	1.2423737438845617e-06
1125	P41903	1.6364390334775959e-06
1126	Q03768	2.135957853899391e-06
1127	P32485	1.3581683300536247e-06
1128	P53199	1.7149895986590194e-06
1129	P30952	1.0616446002485706e-06
1130	P38624	2.842885707338882e-06
1131	P32332	1.909928207861178e-06
1132	Q02776	1.2206755630015789e-06
1133	P38771	2.5551647225611393e-06
1134	Q06489	1.5083305368849403e-06
1135	P20433	2.677997349348863e-06
1136	Q05791	1.627227368535984e-06
1137	P40858	3.7068592245007887e-06
1138	Q03246	2.4800140008192515e-06
1139	P20449	1.2752113022736014e-06
1140	P46680	1.029464854790601e-06
1141	P38985	4.24019017786196e-06
1142	P32565	6.698067365667357e-07
1143	P25343	2.31807281832833e-06
1144	Q08742	4.208008409175302e-06
1145	Q08689	3.5618514906489583e-06
1146	Q03629	3.13183329626713e-06
1147	P32461	1.1779466794516771e-06
1148	P19454	1.7955314575722265e-06
1149	P22336	1.0110834417058054e-06
1150	P46681	1.206344194264426e-06
1151	P40217	1.8468074912895885e-06
1152	P36018	2.74780529165039e-06
1153	P16370	2.041401342353675e-06
1154	P43586	3.0684170145994065e-06
1155	P16550	1.985155112371578e-06
1156	P49954	2.2274345431549974e-06
1157	P32458	1.5222053049484355e-06
1158	P07172	1.723404582928856e-06
1159	P06103	8.365357130319299e-07
1160	P33399	2.2969446224988785e-06
1161	P40087	1.5578964812204253e-06
1162	P32902	1.674092707980431e-06
1163	P00899	1.3027491647170238e-06
1164	Q12458	2.128212411359517e-06
1165	P40032	1.0013792672725654e-06
1166	P38828	3.48047249516074e-06
1167	P22141	3.2975462995205404e-06
1168	P12612	1.2288224973899244e-06
1169	P20051	1.843928501498177e-06
1170	Q03941	2.729426737053401e-06
1171	Q06338	2.3136486056436732e-06
1172	P53290	1.9603670268783418e-06
1173	P38145	2.8973690059380052e-06
1174	Q12486	3.062049017265057e-06
1175	P07273	2.1874744440127435e-06
1176	Q08235	2.278771814744326e-06
1177	P18562	3.1146730287465236e-06
1178	P00958	8.977296185281637e-07
1179	P53281	2.9504040409074573e-06
1180	Q08202	2.857336089296573e-06
1181	P36059	2.082047554819927e-06
1182	P39966	1.5579706357450189e-06
1183	P03962	2.6863232929685362e-06
1184	P16451	1.7342475135071651e-06
1185	P38314	1.3769553583722176e-06
1186	Q07688	4.130245644460118e-06
1187	Q12680	3.332001753639029e-07
1188	P32366	1.9939606776044832e-06
1189	P37898	8.128134563245446e-07
1190	P38840	1.3695979802504103e-06
1191	P54838	1.2892763881168357e-06
1192	P33327	6.477848863679825e-07
1193	Q03102	2.017548168973384e-06
1194	P39533	9.317847360646778e-07
1195	Q08977	1.288056444724562e-06
1196	P14741	2.3829620842801472e-06
1197	Q02795	2.5641106959876155e-06
1198	Q12250	1.5704747198244476e-06
1199	Q04013	2.387484155742694e-06
1200	P47141	2.7207447721651674e-06
1201	P47165	3.477160439740104e-06
1202	P47133	2.43924866614444e-06
1203	Q99297	2.445685021176111e-06
1204	P04046	1.4835890237771472e-06
1205	P53615	3.3927834216108453e-06
1206	Q05933	4.104787349458768e-06
1207	Q08822	1.2138043266928225e-06
1208	P43123	1.5851946758524945e-06
1209	P38116	4.207343534156799e-06
1210	Q12452	2.1683907185903086e-06
1211	P18408	2.8676758597456226e-06
1212	P32379	3.0554975536901838e-06
1213	P23248	3.040109367976676e-06
1214	P04801	1.0404742006050166e-06
1215	Q02046	2.432245960277263e-06
1216	P43321	7.864020748248039e-06
1217	P32347	2.1390750337863553e-06
1218	P36523	3.1612244493928356e-06
1219	P33322	1.6317805667582855e-06
1220	P40413	1.4438833443809156e-06
1221	P09064	2.8447683004882498e-06
1222	P51401	4.152060207711133e-06
1223	P38077	2.6216599984116912e-06
1224	P69771	3.900474340721492e-06
1225	P38249	8.260930011281084e-07
1226	P01120	2.630184560092667e-06
1227	P38063	2.5595205956103026e-06
1228	P32327	7.029523730370985e-07
1229	P47018	1.7172689725487966e-06
1230	P38698	2.0532160525498657e-06
1231	P38205	1.1881902529320614e-06
1232	P53228	2.491298252217963e-06
1233	P38081	1.6095264979823597e-06
1234	P32563	9.745630600600864e-07
1235	P38295	1.8371754983476342e-06
1236	P32447	2.9813820867396143e-06
1237	P38203	8.498467988754278e-06
1238	P08566	5.429017830569197e-07
1239	P48362	2.1166796864311802e-06
1240	Q04636	1.5151407164242945e-06
1241	P89886	4.749288019006214e-06
1242	O43137	1.026503270806252e-05
1243	Q00245	3.823476173026548e-06
1244	P38795	1.200346481189401e-06
1245	Q07648	5.812574782673834e-06
1246	P43593	1.713847895812155e-06
1247	Q96VH4	4.671354639794227e-06
1248	Q05788	2.9102618616112575e-06
1249	Q03940	1.9471187800917285e-06
1250	Q12306	8.473238708664655e-06
1251	Q12314	3.9729082543213704e-06
1252	P24280	2.8187078519964474e-06
1253	P39714	2.377686552058102e-06
1254	P06101	1.6997490476855357e-06
1255	P43594	5.294230024509573e-06
1256	Q12029	2.825664731194669e-06
1257	P32787	3.3332376578777707e-06
1258	P43603	2.0472114901880676e-06
1259	P38934	1.8519727339841505e-06
1260	P23724	3.8065674365303855e-06
1261	P53834	5.961420964271368e-06
1262	P47119	4.656015175502829e-06
1263	P53250	2.784911886636562e-06
1264	P07703	2.7395745711121605e-06
1265	Q03713	5.591892795022569e-06
1266	P53723	2.195783429107171e-06
1267	Q01939	2.285266267963951e-06
1268	P32468	2.219253213683724e-06
1269	Q12125	2.8595184716895264e-06
1270	P32449	2.6264701706697534e-06
1271	P39931	3.834478810918978e-06
1272	P21264	1.6819798502684998e-06
1273	P36017	4.5526411000036395e-06
1274	P46969	4.052791774009782e-06
1275	P29704	2.0377599873212686e-06
1276	P32495	6.169657232379396e-06
1277	P06105	7.839550704086641e-07
1278	Q03690	7.285482142077346e-07
1279	P06633	4.444232383344775e-06
1280	P32588	2.0911454535059e-06
1281	P28321	3.0083075949867e-06
1282	P22139	1.2935280018215028e-05
1283	P47912	1.3858621871360349e-06
1284	Q06608	4.774109226452461e-06
1285	P32381	2.4460481136299857e-06
1286	P39683	2.2171276225816113e-06
1287	P32590	1.4037452668753042e-06
1288	P32463	7.82976708361988e-06
1289	Q04067	3.5799751231427167e-06
1290	P07278	2.3152104754943562e-06
1291	P54113	1.682745047812996e-06
1292	Q12189	3.926792737567273e-06
1293	P35176	4.410783199412485e-06
1294	P38968	8.196496073570221e-07
1295	P15625	1.9803896715611276e-06
1296	Q00711	1.624920093136226e-06
1297	P09232	1.641675725459847e-06
1298	P38715	3.0846406369723325e-06
1299	P38708	1.4812176457963972e-06
1300	Q12133	5.376221731209143e-06
1301	P07275	1.7848887503887018e-06
1302	P17076	4.090071758087965e-06
1303	P42938	3.4683953069744727e-06
1304	P15303	1.3736372375355859e-06
1305	P22214	4.690200584410567e-06
1306	P38230	3.1760634835430457e-06
1307	P00937	2.2109186541274653e-06
1308	P10507	2.322134031353535e-06
1309	P15700	5.281987888751407e-06
1310	P40509	3.581267238974371e-06
1311	P23639	4.463864528698623e-06
1312	Q12428	2.104445528215796e-06
1313	P14742	1.5191496211479755e-06
1314	P07347	4.40864288747513e-06
1315	P51998	3.845354417364279e-06
1316	Q07589	3.1091080005751195e-06
1317	P32481	2.1377007032147372e-06
1318	Q04728	2.622969207133441e-06
1319	P32454	1.1723125694910118e-06
1320	P38234	5.531908850307054e-06
1321	P38264	6.005426744842127e-06
1322	P25626	6.5627663619643186e-06
1323	P14306	5.23570586788718e-06
1324	P07255	1.8352427246940687e-05
1325	P41921	2.4086793900006356e-06
1326	P36112	2.1144780419857898e-06
1327	P35127	4.934802272224371e-06
1328	Q03195	1.9129951068310215e-06
1329	P40495	3.263438416327036e-06
1330	P40364	4.6122656660479095e-06
1331	P32497	1.4157709285754262e-06
1332	P10659	3.208523515232675e-06
1333	P22137	7.172038313547327e-07
1334	P39077	2.3481518215129736e-06
1335	Q12255	4.786527569425218e-06
1336	Q06405	1.2340872619960398e-05
1337	P05744	1.1490449477218366e-05
1338	P54837	5.8463236426688785e-06
1339	P46992	3.3121609576475626e-06
1340	P53889	4.993431994980829e-06
1341	P46990	7.024148529394384e-06
1342	P32527	2.9455224040055493e-06
1343	P32891	2.211415571104039e-06
1344	P25293	3.0360137297141063e-06
1345	P40054	2.8506341171444533e-06
1346	Q07914	8.223299022643885e-06
1347	P50085	4.332559169809864e-06
1348	P47117	3.0156226491390734e-06
1349	P43616	2.8275466762557925e-06
1350	P23776	2.92819557130627e-06
1351	Q12464	2.9296683058885534e-06
1352	P00360	4.231416597838769e-06
1353	P33317	9.889088219720648e-06
1354	P04802	2.3966193413197306e-06
1355	P32939	6.766331544391268e-06
1356	P43619	4.820819614978651e-06
1357	P26637	1.2570223730414529e-06
1358	P07213	2.231337598778831e-06
1359	P28272	4.498554996366312e-06
1360	P40513	5.215023094926324e-06
1361	P21965	3.6530259390534124e-06
1362	P53981	5.7483009256175535e-06
1363	P39079	2.637672523016621e-06
1364	P07277	3.2874387000947587e-06
1365	P54861	1.87677123726178e-06
1366	P21576	2.029088247380723e-06
1367	P28240	2.5661945007100902e-06
1368	P40471	4.9328424947888085e-06
1369	Q03161	4.7674897054673105e-06
1370	P32599	2.2642129304129404e-06
1371	P28707	6.763502059281455e-06
1372	P21243	5.845589547472735e-06
1373	P18544	3.511971612096056e-06
1374	P40024	2.3981827690579e-06
1375	P38902	1.2167184137207993e-05
1376	P00546	4.918804928161593e-06
1377	P53312	3.603998337135327e-06
1378	P16862	1.6183201778276012e-06
1379	P38858	6.116990168479127e-06
1380	P46956	4.9235835619939234e-06
1381	P41338	4.1272356550949205e-06
1382	P40580	5.998129740076101e-06
1383	P40075	6.44014812211721e-06
1384	P40893	7.905915071554243e-06
1385	P39976	3.1543672905253785e-06
1386	Q04869	4.56153341697802e-06
1387	P33767	3.5308763997278914e-06
1388	P46672	4.17314920780306e-06
1389	P49090	2.72580410973573e-06
1390	Q12434	7.64151709379203e-06
1391	P25342	4.794729684108361e-06
1392	P35844	3.6447924123184355e-06
1393	P53152	1.1613755955891669e-05
1394	P32614	3.554864467474156e-06
1395	P28777	4.464804079500857e-06
1396	P41056	1.4997887602103877e-05
1397	P40047	3.2716177050124703e-06
1398	P43588	5.463085954005698e-06
1399	P39076	3.2914164127940144e-06
1400	P21306	2.793471439156696e-05
1401	P14120	1.6544114294821904e-05
1402	Q12123	4.613990547269876e-06
1403	P41911	3.850725071864675e-06
1404	P09436	1.5508917372921351e-06
1405	P34227	6.517100146256577e-06
1406	P20434	7.700723677270704e-06
1407	P39721	7.171536051563365e-06
1408	P37012	3.091871961540554e-06
1409	P87108	1.9031626861871325e-05
1410	P41277	7.044220304912012e-06
1411	P28007	9.181369707468157e-06
1412	P32598	5.49930147939243e-06
1413	P07274	1.4490658599306866e-05
1414	P32263	6.6019174079235365e-06
1415	P08417	3.743638035462974e-06
1416	Q12285	8.433845570977246e-06
1417	P40582	7.471940236840606e-06
1418	P49367	2.6947977062321992e-06
1419	P17255	1.7105476194830282e-06
1420	P40215	3.2384407648302797e-06
1421	P40312	1.5557890728622696e-05
1422	P53600	9.609567855091109e-06
1423	P57743	2.1015445176623725e-05
1424	P16474	2.8538418308023854e-06
1425	Q01560	4.721992223486247e-06
1426	P17555	3.7360998946115683e-06
1427	P38821	3.971496277112416e-06
1428	Q12499	3.7847078448980964e-06
1429	Q05775	7.359819128466514e-06
1430	P38765	6.6822511877318445e-06
1431	P20459	6.272686505700098e-06
1432	P42940	7.59219448510894e-06
1433	P17536	9.296135156581623e-06
1434	P07991	4.754722420873671e-06
1435	P33299	4.216600737040957e-06
1436	Q05926	1.758096424367697e-05
1437	P11745	4.856579346149817e-06
1438	P41920	9.728589092167126e-06
1439	P47176	5.391380658346667e-06
1440	P38988	6.7895975886769245e-06
1441	P40327	4.621894223290899e-06
1442	P25349	8.57938286873746e-06
1443	Q07478	4.545049224985112e-06
1444	P39958	4.471255439950631e-06
1445	P32179	6.001773891689699e-06
1446	O13516	1.0491914476697055e-05
1447	P12385	4.805456247798555e-06
1448	P43567	5.6269075296197765e-06
1449	P47120	6.5405552077582185e-06
1450	P15705	3.5697176157056665e-06
1451	P47079	3.859090926165482e-06
1452	P53731	6.0426084130172374e-06
1453	P23638	8.336872322480742e-06
1454	P02557	4.7058324271283305e-06
1455	P49089	3.719982967925299e-06
1456	P14843	5.840232796188362e-06
1457	Q02486	1.1158904167554029e-05
1458	Q12377	4.837370237797404e-06
1459	P22515	2.1079081252717696e-06
1460	P39926	7.200120190780103e-06
1461	P16140	4.208955864217354e-06
1462	P56628	1.7802984142200625e-05
1463	Q06406	2.631943629658736e-05
1464	P30624	3.182582866049469e-06
1465	P33734	4.093808931352591e-06
1466	P32191	3.466347165928968e-06
1467	P05373	6.662042319474298e-06
1468	P32342	1.3670332615871045e-05
1469	P38260	7.741572988725802e-06
1470	Q12068	6.657038626860465e-06
1471	P15624	3.7742202249452976e-06
1472	Q04458	4.249284485945547e-06
1473	P33297	5.302010288875332e-06
1474	Q04773	1.6101095505445075e-05
1475	Q05506	3.7076866103314775e-06
1476	P11412	4.495579818790167e-06
1477	P07260	1.0662259564671229e-05
1478	P53163	1.2644463136715933e-05
1479	P25372	1.8133600619458984e-05
1480	P15454	1.2707280627697438e-05
1481	P32496	8.226352794282529e-06
1482	P00358	7.370103098975983e-06
1483	Q12118	7.17945477305476e-06
1484	P07245	2.620338616124378e-06
1485	P00175	4.089716017473322e-06
1486	P32469	7.926762424557566e-06
1487	Q06151	6.605570838961196e-06
1488	P40069	2.211022253492875e-06
1489	P05375	1.1893451549630757e-05
1490	P81450	4.124210007694737e-05
1491	P00044	2.273718732305106e-05
1492	P01123	1.194834910023262e-05
1493	P16547	6.224650699875458e-06
1494	P49334	1.6744623430102682e-05
1495	P29509	8.309042195926398e-06
1496	P38219	6.450079441222077e-06
1497	P02829	3.502999719716384e-06
1498	P10869	4.938539228293925e-06
1499	P22217	2.561033918289346e-05
1500	P38764	2.6282075570426336e-06
1501	Q04894	7.2985605071650265e-06
1502	P07283	9.985977565880468e-06
1503	P36421	6.649574540862517e-06
1504	P53141	1.7844833853182192e-05
1505	P53090	5.226344847416141e-06
1506	P39078	5.1492370006438434e-06
1507	P06787	1.842391757410846e-05
1508	Q03973	1.080543702313099e-05
1509	P38071	7.090707754925808e-06
1510	Q02784	1.7630815995316522e-05
1511	P38689	8.500587818123674e-06
1512	Q12449	7.574861574149104e-06
1513	P25373	2.4252499551979323e-05
1514	P12695	5.8665168607677645e-06
1515	P07560	1.2946678176095296e-05
1516	Q3E841	2.8271556887074673e-05
1517	P15180	4.52806331918857e-06
1518	P41807	5.675514160282272e-06
1519	P53549	6.311691402765545e-06
1520	P53839	8.042461785437819e-06
1521	P38115	8.085724028268696e-06
1522	P00729	5.2813217524101535e-06
1523	P13663	8.01124667675501e-06
1524	Q04062	6.977427214516099e-06
1525	P23180	6.036021692310681e-06
1526	P38804	2.6810854123508705e-05
1527	P25294	8.608835508820856e-06
1528	P10614	5.33513106571805e-06
1529	P41057	4.863837497625941e-05
1530	P00927	5.110167062190598e-06
1531	P40008	1.3091968637117119e-05
1532	P28495	1.0708256361263625e-05
1533	P39015	1.10530199137979e-05
1534	P23644	7.98510872771645e-06
1535	P49435	1.6340203902237335e-05
1536	P07264	3.930112676726485e-06
1537	Q12154	8.65884660297403e-06
1538	P10080	1.0344100088356471e-05
1539	P38626	1.0836792830268621e-05
1540	P38707	5.501275178231133e-06
1541	P37262	9.976278314183126e-06
1542	Q00764	6.149095589479235e-06
1543	Q04697	7.531845160876565e-06
1544	P31412	7.856953507708434e-06
1545	P32861	6.217434102115597e-06
1546	P47169	2.161541199743653e-06
1547	P16387	7.545997042337699e-06
1548	P33416	3.833424523668915e-06
1549	P05743	2.4603245832300122e-05
1550	P07246	8.700566191812139e-06
1551	P40185	2.222677469100126e-05
1552	P38999	7.336567335429903e-06
1553	P08067	1.5497472534444514e-05
1554	P35719	1.4723720364603898e-05
1555	P39726	1.977252818587687e-05
1556	P48015	8.365660997025703e-06
1557	Q05905	1.390769626073583e-05
1558	P00931	5.067188962808863e-06
1559	P39692	3.394357091460868e-06
1560	P36139	1.2502656380950138e-05
1561	P54839	7.102061903368888e-06
1562	P32476	7.25644674426093e-06
1563	P21242	1.272305287271436e-05
1564	P25694	4.400373877421453e-06
1565	Q02326	2.041502364901954e-05
1566	P09624	7.5618047307150535e-06
1567	Q05016	1.4155506905571027e-05
1568	Q01855	2.5814751249301842e-05
1569	Q04491	1.2524917830893321e-05
1570	P33330	9.591463124042012e-06
1571	P38972	2.8189319216795672e-06
1572	P07259	1.7134479051124995e-06
1573	Q04432	1.640750915713346e-05
1574	Q12460	7.519450636361284e-06
1575	P53598	1.220781476069605e-05
1576	Q03558	9.603392502624157e-06
1577	P25491	9.680150557350226e-06
1578	P48570	9.22358954302452e-06
1579	P07244	5.099345296102616e-06
1580	P32897	1.8913169016857686e-05
1581	Q12402	2.1813139900703702e-05
1582	P14065	1.2677629082381594e-05
1583	P20081	3.662854547277908e-05
1584	P15873	1.542406454522396e-05
1585	P02992	9.435206467784874e-06
1586	P29952	9.512283256923862e-06
1587	P01097	4.652377875122837e-05
1588	P02406	2.7603888008370294e-05
1589	P11154	3.5650271663980193e-06
1590	P26784	2.105504590464502e-05
1591	P07280	2.9529066893614628e-05
1592	P00815	5.396245820030324e-06
1593	P04807	8.784653103896186e-06
1594	P40303	1.6740503563465946e-05
1595	Q01217	5.042159229480315e-06
1596	P0C2H9	3.711794675845576e-05
1597	P40037	3.508186428834978e-05
1598	P40961	1.5605756041758743e-05
1599	Q12363	1.022301909900056e-05
1600	P04147	7.692502574781549e-06
1601	P00498	1.5378491171899588e-05
1602	P15646	1.447326210245803e-05
1603	P20967	4.362244108792057e-06
1604	P38075	1.8679588347388134e-05
1605	P09733	1.0146277148778153e-05
1606	P07284	9.620903188753482e-06
1607	P25719	2.5915129568901257e-05
1608	P14020	1.7244917059979716e-05
1609	P00427	3.054694678625488e-05
1610	P39522	8.466836769929846e-06
1611	Q12230	1.4050834222426099e-05
1612	P38013	2.810146046874016e-05
1613	P19262	1.0734809891467708e-05
1614	P32316	9.37130269748031e-06
1615	P06780	2.391418584999309e-05
1616	P21801	1.8400301392665277e-05
1617	P40531	1.5276539867486664e-05
1618	P32377	1.2742283313413002e-05
1619	P49723	1.4057869047891151e-05
1620	Q08971	3.235618068151287e-05
1621	P32582	1.0149295106538431e-05
1622	P41058	8.491158521896789e-05
1623	P32445	3.7142055657084625e-05
1624	P38625	9.78785524304969e-06
1625	P38891	1.3165075265695569e-05
1626	P06634	8.84801866376898e-06
1627	P16861	5.444969339647975e-06
1628	P29547	1.2610640158476385e-05
1629	P04076	1.1550237061997577e-05
1630	P26785	2.702005603018347e-05
1631	P22203	2.2924006764181784e-05
1632	P23542	1.3184612245058665e-05
1633	P26783	2.4584740918374058e-05
1634	P07170	2.5467999957240975e-05
1635	P36060	1.8100698895586623e-05
1636	P21734	2.5607279039184714e-05
1637	P19097	2.9939812875441937e-06
1638	P17967	1.0859500833591012e-05
1639	P41805	2.498094790018438e-05
1640	P05739	3.183564571480356e-05
1641	P87262	4.6965363310135924e-05
1642	Q04178	2.5494725981430195e-05
1643	P48164	2.9819101747616524e-05
1644	P80210	1.3425304175334205e-05
1645	P04806	1.2076078929084373e-05
1646	P40302	2.5350315724270586e-05
1647	P41940	1.6477273287272507e-05
1648	Q02642	3.846887603187967e-05
1649	P36008	1.4080050209223048e-05
1650	P32419	1.7762195179841016e-05
1651	P08536	1.1489909849118821e-05
1652	P30902	3.362298757669541e-05
1653	P25605	1.9788096342359604e-05
1654	P08524	1.6613284160053755e-05
1655	P47143	1.8529091255156275e-05
1656	Q04344	3.828593357690136e-05
1657	P16120	1.1796849086934336e-05
1658	P38523	2.6081079816782632e-05
1659	Q04947	2.1293922787602866e-05
1660	P28241	1.7798077402594328e-05
1661	P38061	4.7998328224106155e-05
1662	P38879	3.7932270857431185e-05
1663	P53847	8.23623287227977e-06
1664	P38886	2.4821573534256225e-05
1665	P53633	3.8481271472646195e-05
1666	Q12165	4.424122357091422e-05
1667	Q12447	3.444192023659617e-05
1668	P23254	1.053911185506826e-05
1669	P04173	2.0272131259388082e-05
1670	Q02196	3.4642492277092806e-05
1671	P03965	6.516680870071517e-06
1672	P27616	2.3782179629177124e-05
1673	P14126	1.8838228214882215e-05
1674	P31373	1.9389391658902352e-05
1675	Q12122	1.7392076099752234e-05
1676	P29311	2.8904039861210327e-05
1677	P22768	1.900130652094511e-05
1678	P38788	1.533286733270456e-05
1679	P37291	1.749023835714949e-05
1680	P05626	3.393136659468361e-05
1681	P04456	5.855221587633761e-05
1682	P53184	3.707384496988309e-05
1683	P48589	6.030520363360497e-05
1684	P22943	8.130525904526265e-05
1685	P53252	2.4819976132786357e-05
1686	P39990	7.233314288694525e-05
1687	P17709	1.795604128004854e-05
1688	Q99258	4.4767798365320096e-05
1689	P07342	1.364760070336715e-05
1690	P32340	1.79091042672014e-05
1691	P31116	2.7015077971646153e-05
1692	P52910	1.3795174691853972e-05
1693	P07281	6.697820836673438e-05
1694	P34760	5.019086412707216e-05
1695	P05740	5.3085481157051726e-05
1696	P25087	2.52744172324675e-05
1697	P36010	6.708004127311049e-05
1698	P40525	8.472812070021846e-05
1699	P04449	6.689240541883866e-05
1700	P19414	1.4146439348959985e-05
1701	P31539	1.1856459533513169e-05
1702	P35179	0.00014083104642437209
1703	P02400	0.00011753817546612997
1704	P12709	2.1414018850101176e-05
1705	P05150	3.4915744711535576e-05
1706	P31787	0.00013207568007875164
1707	P07149	6.146318319116432e-06
1708	P00549	2.5802163237746448e-05
1709	P28834	3.5849085692686395e-05
1710	P05319	0.00013519740060476606
1711	P32589	1.9332685307935783e-05
1712	Q12074	4.489597363918665e-05
1713	Q05911	2.75344461965643e-05
1714	P35691	8.12798847599697e-05
1715	P38701	0.0001097031590462081
1716	P19882	2.534545955403529e-05
1717	P53045	4.312836865260034e-05
1718	P07267	3.679519798969325e-05
1719	P29453	5.852134029139443e-05
1720	P05750	6.207823977793549e-05
1721	P00128	0.00011406005561387325
1722	P07256	3.314372832230756e-05
1723	P09938	3.63544774908372e-05
1724	P09457	7.4024386652182e-05
1725	P32473	4.2955651862996156e-05
1726	P38009	2.6851462959267213e-05
1727	P04037	0.00010274606812950266
1728	P10081	3.9517239259858326e-05
1729	P20606	8.579869655943536e-05
1730	P33442	6.416231819417041e-05
1731	P53221	0.0001314661787905079
1732	Q07551	5.363600046194246e-05
1733	P40212	8.537590256704213e-05
1734	P23641	5.958291256024186e-05
1735	P15703	6.070916421297975e-05
1736	P15019	5.6318932051969315e-05
1737	P19358	5.002488241574707e-05
1738	P60010	5.5234876040134714e-05
1739	P00447	9.176553322196197e-05
1740	P17505	6.656647818605687e-05
1741	P00817	7.359955882501548e-05
1742	P26321	7.473263327410396e-05
1743	P00445	0.00015955562082930154
1744	P49167	0.00029021178180182084
1745	A5Z2X5	0.00033278373052842927
1746	P05756	0.00015551383830145375
1747	P32471	0.00012257567545346002
1748	P05738	0.00012945525686280866
1749	P07251	4.802370151203275e-05
1750	P04840	9.257429202656288e-05
1751	P39954	5.758204451855686e-05
1752	P07257	7.014914130479649e-05
1753	Q12213	0.00010321219542995031
1754	P06106	5.8736162321956604e-05
1755	P38011	8.255823175057379e-05
1756	P05749	0.0002102559429101304
1757	P46654	0.00010314973806754653
1758	P05755	0.0001299648976740051
1759	P40150	4.397230545836197e-05
1760	Q12335	0.00014102110415921244
1761	P05317	9.164935484008184e-05
1762	P39676	7.015578236318344e-05
1763	P05694	3.7780688374025805e-05
1764	P06169	5.389232469581515e-05
1765	P25443	0.00012388851364739264
1766	P38910	0.0003101250916688175
1767	P02994	7.768494789472996e-05
1768	P26786	0.00018064047231983424
1769	P0C2H8	0.00030955445717021724
1770	P40159	0.00020073919067961372
1771	P54115	7.72319585593378e-05
1772	Q03048	0.00028941558100229977
1773	P06168	0.00010424931740534009
1774	P14832	0.0002728810801645651
1775	P34730	0.00016037287025254718
1776	P00950	0.00018827082034564147
1777	P32905	0.0001880955512585624
1778	P00924	0.00011322467562939713
1779	P14540	0.00015625572095144698
1780	P00830	0.00011512316003700961
1781	P00359	0.00021063714903617894
1782	P00942	0.0003549010207442165
1783	P46367	0.00019650306171134792
1784	P15992	0.0004954821572058935
1785	P00560	0.0002732747733608848
