	Protein	ALL	MIN	YPD
0	A2P2R3	2.595554940493031e-06	4.389707182769063e-06	2.4486749286734086e-06
1	O13525	6.249350909715174e-06	7.24320275785373e-06	7.500294478292179e-06
2	P00044	6.6275559772884585e-06	6.816944247436547e-06	1.3283156167565258e-05
3	P00045	6.7812747034178126e-06	6.038485482887968e-06	9.19868872360549e-06
4	P00127	3.8647464154038365e-06	3.080589640891835e-05	3.0875306184222052e-06
5	P00128	9.782585889751044e-06	1.1321960301843599e-05	1.4286897159285412e-05
6	P00163	2.188104112627451e-06	2.673797683914239e-06	3.143090548151733e-06
7	P00175	2.094300849776628e-05	1.4966169642956047e-05	1.873687939148391e-05
8	P00330	4.204902120143072e-06	4.539624209352547e-06	4.836145059286929e-06
9	P00331	5.528399359994773e-06	4.688481585252751e-06	7.577652689015791e-06
10	P00358	4.3336527649418475e-05	4.324303213597344e-05	4.2570360290968176e-05
11	P00359	0.00029060897016089843	0.0003164296694017365	0.00024057350669693756
12	P00360	3.7880977321693986e-06	4.047736482975329e-06	3.140750284415105e-06
13	P00401	6.807737856128439e-06	9.146946418424574e-06	6.54465755260356e-06
14	P00410	1.2432153417691742e-05	1.661404772588679e-05	1.2197555530177897e-05
15	P00420	1.1270410716572333e-05	1.0952884673353359e-05	1.3791313080002106e-05
16	P00425	1.0067188826888411e-05	8.189756246526722e-06	1.2782679966543e-05
17	P00427	1.3179740451771654e-05	1.2052546573507092e-05	1.3610511377717915e-05
18	P00431	1.4750793124246527e-05	1.605094823392363e-05	1.4932865310187987e-05
19	P00445	4.764025431961149e-06	2.8777287001571745e-06	4.622897222244592e-06
20	P00447	1.1645117642359588e-05	1.628163946062357e-05	1.302743931129604e-05
21	P00498	5.155476590049215e-06	5.440060812349347e-06	6.472887435561892e-06
22	P00549	1.1020163058084152e-06	1.3906711329475478e-06	1.046072218762783e-06
23	P00560	9.088918492014484e-06	1.1083145051948678e-05	8.684237538070008e-06
24	P00572	4.595923321083322e-06	4.609112630431239e-06	5.25430591985223e-06
25	P00635	1.6434269567585914e-05	1.4291418409072894e-05	1.8495669260009613e-05
26	P00724	1.0442158732227113e-05	1.2130632536686424e-05	1.2548064605569879e-05
27	P00812	8.860482771809095e-06	8.535080292384273e-06	9.412142029098986e-06
28	P00815	3.298576704537705e-06	2.859483631744099e-06	3.4731723406089757e-06
29	P00817	3.0124858061642103e-05	3.3675040040777706e-05	3.0343619179781558e-05
30	P00830	1.5987901416371136e-06	1.7778840215124284e-06	1.6125048108917035e-06
31	P00854	1.425557230127111e-05	1.1286517327826798e-05	1.6847582238283377e-05
32	P00856	2.7950434405078666e-05	2.609981245352937e-05	3.7373140701856405e-05
33	P00890	2.5277157933945427e-05	2.4868217681206597e-05	2.2087625971134035e-05
34	P00899	8.500565151183766e-07	1.1618439838105974e-06	1.039149305555806e-06
35	P00912	3.941543637627568e-06	4.992091065386348e-06	3.5952248007634203e-06
36	P00924	3.0029278157607655e-06	3.1980375260956945e-06	3.189767313205742e-06
37	P00925	1.8682149371339899e-06	5.827928245596399e-07	1.049807522740675e-06
38	P00927	4.846931645541509e-06	4.978073500342844e-06	6.045348925437233e-06
39	P00931	2.8136587653024718e-05	2.2420359994084935e-05	2.83476673745822e-05
40	P00937	3.3360225930636956e-06	3.719240932835686e-06	4.076028065768824e-07
41	P00942	7.375293692641761e-06	5.906894955341819e-06	9.898901723214629e-06
42	P00950	9.608155217362455e-06	1.0134976393376652e-05	1.1422164852840743e-05
43	P00958	8.246407296461637e-07	1.1371741705955785e-06	1.0686283530158968e-06
44	P03962	4.234192056560328e-06	3.227060941957865e-06	4.430529877701778e-06
45	P03965	1.5029511678021868e-06	1.5168297164103782e-06	2.2183670221864987e-06
46	P04037	7.627127257009392e-06	9.41356637517354e-06	9.266118736307062e-06
47	P04039	4.544803492786887e-05	4.7981908002231055e-05	6.664527282238599e-05
48	P04046	6.819706738939121e-06	7.977566992083782e-06	7.673424004345351e-06
49	P04076	2.3469721471689776e-06	3.055446147757103e-06	2.623427518000808e-06
50	P04161	4.886640299565676e-06	4.7867065361889555e-06	3.6916311450698384e-06
51	P04173	2.0628093252312888e-05	1.8166736158691347e-05	2.3275010085031707e-05
52	P04385	1.3310250888604165e-06	1.614843200444015e-06	1.5625416272781993e-06
53	P04397	2.630137990533819e-06	2.9881052272203593e-06	4.386546704378337e-06
54	P04801	1.5763108330578325e-06	1.590484505924089e-06	1.705481259891339e-06
55	P04802	1.6730558374063858e-06	2.0361385174774235e-06	1.5283366151399965e-06
56	P04803	1.1787218067778034e-05	1.0368230825472417e-05	1.14732281248703e-05
57	P04806	6.328365030171572e-06	8.418467132942797e-06	8.088904285919387e-06
58	P04807	6.632048484825331e-06	7.471967867988581e-06	6.3206077998193605e-06
59	P05030	4.815895899665726e-07	6.637338586305022e-07	3.8721863046284655e-07
60	P05150	1.7388967018506015e-06	2.7329381872898405e-06	1.8565146693200161e-06
61	P05373	9.829918561923055e-06	1.075893236413185e-05	1.2029224591062215e-05
62	P05374	3.7229433513274576e-06	3.3475264782830715e-06	4.5265956205822706e-06
63	P05375	1.1487572747448122e-05	1.3193820795009934e-05	1.252785767210851e-05
64	P05626	5.784699138135234e-05	5.710939891538483e-05	6.343116173599139e-05
65	P05694	5.5429702061827175e-06	6.233583198327323e-06	5.317104738398696e-06
66	P06106	3.123713697298619e-05	2.3139756959063772e-05	3.304996128955424e-05
67	P06115	5.07605653645721e-06	4.51664918461589e-06	5.547104951802673e-06
68	P06168	9.982589875293187e-06	1.01492021035586e-05	1.2903110360444284e-05
69	P06169	1.2649329138522481e-06	1.6705454880928858e-06	1.1200940821928287e-06
70	P06174	1.0957257353608696e-05	1.0986382660956522e-05	1.3494870277768117e-05
71	P06182	1.7386398603812374e-06	2.448659568585619e-06	2.474799637407799e-06
72	P06197	5.1686514384969385e-06	5.356481803655818e-06	9.192417864036094e-06
73	P06208	1.4488895362151764e-06	1.8138883542747887e-06	1.6473858519995905e-06
74	P06633	3.0797805340615107e-06	4.724154145510511e-06	3.8015049602873328e-06
75	P06700	6.077004437254188e-05	6.088411971354177e-05	4.112165578753502e-05
76	P06738	5.977106939296441e-07	8.922978964072235e-07	9.354486696324183e-07
77	P06773	1.83961317510363e-06	2.644455401571453e-06	2.226295995256466e-06
78	P06776	1.9748945953878038e-06	2.3990619847774426e-06	2.5947204707420337e-06
79	P06785	1.02085631694472e-05	8.888234941638828e-06	1.1676393983716953e-05
80	P07143	3.280276054771634e-06	3.950206373452826e-06	3.2424603621821183e-06
81	P07149	5.323764425217538e-06	4.982681493433428e-06	5.019609351978627e-06
82	P07170	3.498820504920288e-05	3.667850045460317e-05	3.867837752585974e-05
83	P07172	5.7905928965762794e-06	5.514041297294377e-06	5.000440293145993e-06
84	P07236	1.5993328812659915e-06	2.1006973829783333e-06	2.4824710489944543e-06
85	P07244	8.665023684595437e-07	8.79656841946368e-07	5.500548357574011e-07
86	P07245	2.1926541602559563e-06	2.0896289267751677e-06	2.73911867198732e-06
87	P07246	5.803028755119148e-06	6.154336945137477e-06	8.951045920569137e-06
88	P07250	3.6602224654405674e-05	2.9976587767313457e-05	5.1202741403742383e-05
89	P07251	4.788274003467103e-06	4.446710209622714e-06	4.106868424553645e-06
90	P07255	2.4213234422578778e-05	2.3384046272882375e-05	3.264233722293035e-05
91	P07256	1.1534572113926577e-05	1.1962394606944971e-05	1.3322094387097554e-05
92	P07257	4.121647668802609e-06	3.897459749968675e-06	5.2078394795126244e-06
93	P07258	2.8173524243834054e-06	2.8871487595065475e-06	3.7295847613632555e-06
94	P07259	3.2373324871459075e-07	7.221122259650249e-08	2.916086412087446e-07
95	P07262	3.1547576656551943e-06	3.2556470553834983e-06	4.3633283944760136e-06
96	P07263	8.769203463694561e-07	1.2418846614488018e-06	3.3029200683213364e-07
97	P07264	5.894447836635661e-06	6.613536521438048e-06	5.263216405123716e-06
98	P07275	5.664390987889191e-06	6.869409303938293e-06	7.481498648647476e-06
99	P07277	2.7331205113901107e-05	2.9503101425209745e-05	2.1553622843722326e-05
100	P07283	3.1903610309994155e-05	3.408939969592347e-05	3.2470359379849846e-05
101	P07284	9.68161792582855e-06	1.0227034444283775e-05	1.0412770131596173e-05
102	P07285	1.255824330167081e-05	1.4188312072947067e-05	1.2723246511644995e-05
103	P07286	2.0980093597636593e-06	2.4264299420838628e-06	1.6237306969872937e-06
104	P07342	8.267119796378931e-06	7.786804911374194e-06	9.788809608167286e-06
105	P07347	3.203521407142122e-06	3.8041193732484153e-06	3.725221335350505e-06
106	P07702	1.4496249935943763e-06	1.1257796553019968e-06	1.8374376684823817e-06
107	P07806	2.2884747776162843e-06	2.7778868586103526e-06	2.281319919724958e-06
108	P07807	0.0003293077387687459	0.00032913598388530335	0.00022994788542500576
109	P07991	1.547763883151326e-06	1.62789600866776e-05	1.4855602712427378e-05
110	P08004	2.2719048712054763e-05	1.8828525120879636e-06	1.152648361539805e-06
111	P08019	4.499847439038121e-06	4.243545265831346e-06	2.396427793023836e-06
112	P08067	8.97910205780749e-06	8.11429340029343e-06	1.1258163886803682e-05
113	P08417	1.4194941011005418e-06	1.819972692473209e-06	8.395378731691131e-07
114	P08425	2.5406189787715553e-05	2.386784597401813e-05	2.3647385693406916e-05
115	P08431	1.5359682252630885e-06	1.7478148567834846e-06	1.2992285689235343e-06
116	P08432	3.7823292700214603e-06	4.505877049594491e-06	4.049378598636244e-06
117	P08456	5.936960031627073e-06	5.343541779882487e-06	7.053573790577893e-06
118	P08465	2.229868764075365e-06	2.444261172273206e-06	2.26799815320539e-06
119	P08524	1.0869947953918831e-05	1.338830388580293e-05	1.0097868152523874e-05
120	P08525	2.4085960759112892e-05	2.1447468596768657e-05	1.7944591408919907e-05
121	P08536	1.6698219831917543e-05	1.3678449136449307e-05	2.4749255308803324e-05
122	P08566	3.561668179060285e-07	5.259796827058681e-07	3.955507912267574e-07
123	P08678	9.84360162459896e-07	1.0953086046996323e-06	1.6471156918531213e-06
124	P08679	2.0184346503229924e-06	2.2060778943436095e-06	2.4322541272297663e-06
125	P09201	2.1229908431309616e-06	3.051845853811359e-06	1.9595257955418026e-06
126	P09368	6.678780233145089e-06	6.048608742637157e-06	6.845617692344728e-06
127	P09436	1.6073948666733623e-05	1.3640625447525404e-05	1.9592238608598457e-05
128	P09440	6.053218454119247e-06	5.860597489119068e-06	7.124747882658632e-06
129	P09457	1.98848897712296e-05	1.696007730109301e-05	2.8852928807669686e-05
130	P09624	4.57507945337767e-06	5.215699085992076e-06	5.287997934338086e-06
131	P09938	1.039465169463497e-06	1.4971261477251393e-06	8.106941458902289e-07
132	P09950	2.6681977282490484e-06	2.605858148654291e-06	2.6621358450564338e-06
133	P0CH63	2.459018943508906e-06	3.63917757251145e-06	1.7627799236857807e-06
134	P0CH64	2.662014289292621e-06	3.931443024592875e-06	1.618591362455921e-06
135	P0CW40	2.8763009937951933e-06	3.3862993819703926e-06	4.118829683099201e-06
136	P0CW41	8.32401017561618e-06	8.059116012467138e-06	1.2343435857117224e-05
137	P0CX08	4.220433960480822e-06	4.480563404442996e-06	6.1437519452820976e-06
138	P0CX09	1.8156332481881355e-06	2.8216199278897816e-06	2.059021454621285e-06
139	P0CX10	1.3089526497026369e-05	1.2415669778216363e-05	2.0168271069030426e-05
140	P0CX11	1.7031501614604458e-06	1.9345043425949963e-06	2.1835882104273158e-06
141	P0CX77	1.2012618247990283e-06	2.3044976211535657e-06	1.2027183511964226e-06
142	P0CX78	4.068397179488717e-06	4.713580438658982e-06	4.384396161993434e-06
143	P0CX79	8.773197928657793e-06	7.525341702895133e-06	1.2076502697622248e-05
144	P0CZ17	2.1865292174341146e-05	2.074567761432047e-05	2.2297212291419446e-05
145	P10127	7.502662350543193e-06	8.16363592545467e-06	7.056980017052355e-06
146	P10174	5.1991713097500276e-05	4.72370968543243e-05	6.545352456690593e-05
147	P10356	1.463871248132164e-05	1.255953207223762e-05	2.0214501313412162e-05
148	P10614	1.1087514290411594e-05	9.564968464084324e-06	1.9091919384326744e-05
149	P10659	7.2401465626139935e-06	7.564441974968868e-06	1.002331201320924e-05
150	P10869	5.051800743244743e-06	5.102288327846084e-06	7.2155686947761136e-06
151	P10963	5.691967636230688e-06	5.541409297654232e-06	6.115596253998132e-06
152	P11154	2.6269632525291047e-06	2.535090004151546e-06	3.588460633706454e-06
153	P11325	7.285047006945056e-07	9.424890125406593e-07	4.775650701494504e-07
154	P11353	5.1942798404582085e-06	4.770530698121341e-06	6.480337010136614e-06
155	P11412	3.308885827539238e-06	3.37467571615229e-06	4.319767076391503e-06
156	P11491	1.9669137828181068e-06	2.282132782765793e-06	3.866595702685036e-06
157	P11986	2.5956589610124413e-06	2.7560705384913988e-06	2.750295568373964e-06
158	P12683	8.620801445405012e-07	9.888380110909312e-07	9.340343176035839e-07
159	P12684	7.742114201779901e-07	9.476696269736889e-07	8.819214056505896e-07
160	P12695	4.313696630917133e-06	4.460235981621831e-06	5.861172411594426e-06
161	P12709	1.297915735460089e-06	2.0216606913162045e-06	1.1794873185246086e-06
162	P12945	1.2446412273172035e-05	1.1080031663457257e-05	1.3294743869807025e-05
163	P13045	8.752641504422234e-06	8.253233305496947e-06	1.121821824172857e-05
164	P13188	2.87413478765516e-06	2.9331109192450367e-06	3.1647595449137037e-06
165	P13259	2.4467042924903372e-05	2.4416322894798526e-05	2.708150011662908e-05
166	P13298	7.698768599125527e-06	6.784811772613689e-06	8.5357604670879e-06
167	P13586	1.7726150972108136e-06	1.5912973182992605e-06	1.9784961992371884e-06
168	P13587	1.7085436570060073e-06	1.4882023623246176e-06	1.9901779385496145e-06
169	P13663	1.6901495554021442e-05	1.4385520819180255e-05	1.8564411581091647e-05
170	P13711	2.1442292127003165e-06	2.145832437802432e-06	2.075854082665334e-06
171	P14020	0.00016507540057027705	0.00013554988742203757	0.00013737775054402845
172	P14065	3.229031989790359e-06	3.862572957014281e-06	4.804929248913139e-06
173	P14180	5.353706106917603e-07	7.204386299065543e-07	4.2372387160393867e-07
174	P14540	5.589625493443175e-06	5.115279438660509e-06	5.074640419308952e-06
175	P14742	5.9087274127761945e-06	6.570964473648532e-06	6.460699588506153e-06
176	P14772	3.0120702236177167e-07	4.6436682121808746e-07	1.5144384249138655e-07
177	P14843	6.9996803464477236e-06	7.086004429644607e-06	1.0688626771756319e-05
178	P14904	2.4403226910064633e-06	1.65209398378197e-06	2.7568821763149954e-06
179	P15019	8.409678020423804e-06	1.0158190690567877e-05	9.124579875583973e-06
180	P15179	2.6849998573817996e-06	2.809306976050464e-06	3.563393365681345e-06
181	P15180	9.546974357281537e-06	7.85583019934537e-06	1.0303125391596226e-05
182	P15202	1.7891479711904365e-06	1.7855321101771666e-06	2.4240064795543334e-06
183	P15274	4.945830590047803e-07	8.031934608341943e-07	4.983865530760754e-07
184	P15454	2.5075180385893305e-05	2.6694880756072687e-05	2.3277774830853322e-05
185	P15496	3.313638606389446e-05	2.566745511947038e-05	3.470979944262509e-05
186	P15624	1.0921319913740373e-06	1.733968829622029e-06	1.136415565650293e-06
187	P15625	3.106097244033316e-06	3.30353984448582e-06	3.6938227609977918e-06
188	P15700	3.838272844672742e-06	4.6374734754716784e-06	2.5280587513497577e-06
189	P15703	3.66997607713239e-06	4.321417465143997e-06	3.1028277185033562e-06
190	P15807	3.6468997481606615e-06	3.916101428851432e-06	3.4260661976053632e-06
191	P16120	1.3869946058413892e-06	1.5850067202438668e-06	1.0023621020638202e-06
192	P16140	2.9221161258281736e-05	2.49072052923065e-05	3.0339072144711218e-05
193	P16387	2.5923125385885245e-06	2.8889490835317527e-06	2.2910921515509996e-06
194	P16451	9.93459744224752e-06	1.1244910431535826e-05	8.233809677581057e-06
195	P16467	6.388093241531982e-06	7.371266736060993e-06	5.817720815979326e-06
196	P16550	2.8357895539208067e-06	3.377469335975667e-06	2.7893135120295953e-06
197	P16603	7.330421950436097e-07	1.051860140839681e-06	2.4843303522392836e-07
198	P16622	3.971231497402816e-06	4.011180945026101e-06	4.640630794777649e-06
199	P16639	2.516614109629139e-06	2.426272289946625e-06	2.3440998915005006e-06
200	P16661	1.8075121902289666e-06	2.371837613293843e-06	3.1542995825259875e-06
201	P16861	1.352113348542299e-06	1.3858437180899878e-06	1.6890561889194409e-06
202	P16862	8.193971911183162e-07	8.116263145832648e-07	3.6427060959188063e-07
203	P17255	1.058729388339894e-06	1.0262171373660493e-06	1.7162708736794086e-06
204	P17423	3.868314736616656e-06	4.401358140235585e-06	2.5641078932225667e-06
205	P17505	2.940447820397868e-06	3.3812505544240117e-06	2.72957491358519e-06
206	P17649	3.1460795177988134e-06	3.179635803462245e-06	4.618671010216901e-06
207	P17695	1.663308600541202e-05	1.655735965794439e-05	1.6733917220710927e-05
208	P17709	1.3899921034630264e-05	1.3327767274699025e-05	1.547156038980862e-05
209	P17898	8.784111501843895e-06	7.374682501947578e-06	1.1837224395933703e-05
210	P18408	5.332983058094008e-06	5.0372236199078356e-06	3.568621414429493e-06
211	P18544	3.039992440129046e-06	3.6059159698919904e-06	4.086237060085603e-06
212	P18562	1.94017214684297e-06	2.973403356799219e-06	1.1453964554729767e-06
213	P18900	5.735587373804567e-06	4.836038358214916e-06	6.375691434549772e-06
214	P19097	1.6131481548459073e-06	1.4082116030425568e-06	2.118534937431207e-06
215	P19262	1.4779254754693583e-05	1.3786895138305249e-05	1.7050896425417065e-05
216	P19358	1.5172019673581218e-05	1.5610201882661116e-05	2.069350199974858e-05
217	P19414	2.0435999727980513e-06	2.2914472342318433e-06	2.905398159328273e-06
218	P19516	3.783303078944426e-06	4.06775397860463e-06	3.4927992583376806e-06
219	P19657	4.2840961848177586e-06	3.827970465486435e-06	5.360058289148807e-06
220	P19881	1.4247900982175885e-06	2.103723803559278e-06	1.3987003642916969e-06
221	P20048	2.682977916136489e-06	2.5974169842327783e-06	3.3621264728786877e-06
222	P20049	1.5001651378742023e-06	2.086711548556369e-06	1.1751732239750213e-06
223	P20051	8.730506395638133e-06	7.942213486797015e-06	8.743393009786421e-06
224	P20485	1.6703498939081078e-06	1.6946469605783132e-06	2.4505946744717646e-06
225	P20967	4.92783042035911e-06	4.932365962100407e-06	6.536535573421341e-06
226	P21147	1.719628160019725e-06	2.0361017276290603e-06	2.291412824006438e-06
227	P21182	1.5557660502744421e-06	1.8564129521827305e-06	1.7473948881591972e-06
228	P21264	1.801800500993343e-06	1.7836446872508064e-06	2.497084242743452e-06
229	P21306	4.198034971304641e-05	4.2042303738419095e-05	4.759880030264037e-05
230	P21373	1.7449863266613531e-06	2.0445297216892165e-06	1.3498970609284166e-06
231	P21375	2.60753846425163e-06	2.646935151408699e-06	3.7039581007324434e-06
232	P21524	8.667932353354427e-07	1.3474761927807071e-06	7.242139407551152e-07
233	P21592	1.0693619803181714e-06	1.350843250772417e-06	8.445136626825659e-07
234	P21595	3.3639047088190332e-06	3.890312967795831e-06	3.5033099384069488e-06
235	P21623	1.300399231322376e-06	1.587487906285677e-06	1.9906856531429036e-06
236	P21672	3.873299362175337e-06	4.17303970059761e-06	5.10482056496055e-06
237	P21801	2.358134000087116e-05	2.1073093705723526e-05	2.9023942054007078e-05
238	P21826	4.125819929400643e-06	4.795304749699143e-06	4.549530941338854e-06
239	P21954	5.770655324298652e-06	6.642590313714878e-06	7.722501260801328e-06
240	P22007	7.728903998124755e-06	7.579253254721395e-06	9.04184106041718e-06
241	P22108	3.6820308471962e-05	3.907589148531864e-05	4.721671140360707e-05
242	P22133	1.5919050443795636e-06	2.345978191858977e-06	9.04689243069036e-07
243	P22140	1.0544703500468225e-05	1.1883956813608615e-05	1.3112435230575224e-05
244	P22203	9.436712755594575e-06	9.46019761173692e-06	9.641700022210569e-06
245	P22217	4.136723829943427e-05	4.592782829760997e-05	4.985000594446355e-05
246	P22219	1.0448974024586828e-06	1.2046415426430412e-06	1.3418836763116873e-06
247	P22289	1.0030762310411985e-05	1.2383412293573033e-05	1.2469156461722847e-05
248	P22434	8.47565341109825e-06	7.550945590376238e-06	8.685833197392232e-06
249	P22438	2.775261334562172e-06	2.178497998016244e-06	2.04359573018803e-06
250	P22543	2.1312692847520736e-06	1.8189791620018036e-06	2.3923408565327735e-06
251	P22580	3.037391522565628e-05	2.9543331014509427e-05	2.9634526784315782e-05
252	P22768	8.34845408852506e-06	7.918448883159904e-06	1.5668547084620525e-05
253	P22803	3.182532603233131e-05	2.8066046216505536e-05	4.03820908996387e-05
254	P22855	3.7205591634649603e-06	3.703230696221625e-06	4.670351462739587e-06
255	P23202	2.863614866845124e-06	2.663568746829828e-06	3.52130623276899e-06
256	P23254	6.896254410671003e-06	6.939058386526409e-06	6.752358630938839e-06
257	P23337	2.6284980069647994e-06	3.124771322018134e-06	2.2030274644246926e-06
258	P23501	5.450576618685941e-06	5.154091858943383e-06	7.055275049287214e-06
259	P23542	1.002685109269877e-06	1.639162378856572e-06	7.927792727339295e-07
260	P23776	5.77863501120555e-06	5.873966670295258e-06	7.074041373686892e-06
261	P23797	1.9935856321890426e-05	1.9694806393425946e-05	2.5088626529921115e-05
262	P23968	2.170994295516233e-05	2.2308622052183395e-05	2.8886339485660467e-05
263	P24031	1.5283184311393827e-05	1.3460250028128315e-05	1.6691938557846334e-05
264	P24521	4.684131808971004e-06	4.461168940620514e-06	4.754242277220335e-06
265	P25045	3.039319150025432e-06	3.9475298269059105e-06	3.559901225820632e-06
266	P25087	6.3758921389525464e-06	1.6031122572129217e-05	3.410833637448643e-06
267	P25332	1.0845897934687898e-05	1.040641701319467e-05	1.7588851182790164e-05
268	P25335	1.6425876401987914e-05	1.4536462229256186e-05	1.7692805551795834e-05
269	P25340	6.534422213716168e-07	1.1935560233832978e-06	5.171137865832595e-07
270	P25345	2.0844987399055387e-06	2.440450573938329e-06	1.5867724565538084e-06
271	P25358	2.2301664725499723e-06	2.5590682589598523e-06	3.5091278026322684e-06
272	P25372	1.121167180524612e-05	1.1493883001906875e-05	9.791442493325943e-06
273	P25373	1.0197204699347336e-05	8.153898570468499e-06	1.2056634090944105e-05
274	P25374	7.479657338883947e-06	9.214377317786402e-06	7.215818876792187e-06
275	P25377	3.2549355768758772e-06	3.639133905389042e-06	2.4353685815268882e-06
276	P25379	5.166856440588892e-06	4.927168661420726e-06	3.875126748654334e-06
277	P25515	6.401443863156015e-06	6.804884443704239e-06	5.233498480363036e-06
278	P25576	5.3290833823524415e-06	5.3943082478848785e-06	8.227517130160887e-06
279	P25578	4.6147136896739506e-05	4.708747922535746e-05	4.97439097461716e-05
280	P25580	1.030597777516633e-05	1.0610346188653633e-05	1.0190118435084282e-05
281	P25605	1.0591322821613441e-05	9.003378795615734e-06	1.4866121517664518e-05
282	P25612	1.88261469700374e-06	2.155219021380069e-06	2.560354508428931e-06
283	P25628	6.966054000828676e-06	6.823748113862232e-06	9.13934381146574e-06
284	P25641	4.522478935889245e-06	8.036318043384137e-06	3.4538103936460005e-06
285	P26263	5.197163629741605e-06	4.4793751297600525e-06	5.78482960425177e-06
286	P26364	2.003778730917139e-05	2.2985732197611496e-05	1.8572885518426294e-05
287	P26637	2.6430181235264133e-06	2.874299275146461e-06	3.194867162223389e-06
288	P26725	1.4125975737974667e-05	1.3292874121403101e-05	1.6572233213884968e-05
289	P27472	6.566030975799397e-06	6.499984062965023e-06	7.117568436825436e-06
290	P27515	9.036610350854058e-07	1.4375814412232484e-06	1.2086283169270998e-06
291	P27616	1.1807745027606625e-05	1.1445082760073288e-05	1.4762158154154032e-05
292	P27680	0.00012164314479863387	0.00017381119365038116	7.561452280363195e-05
293	P27697	2.9315549122684437e-06	3.018474103946707e-06	3.185835309761658e-06
294	P27796	4.28711861942285e-06	4.575181112999061e-06	3.1974227673239433e-06
295	P27809	1.9303727468453886e-06	2.074134691256232e-06	1.657568197570903e-06
296	P27810	2.0176950531874322e-06	2.5453639380956936e-06	1.5947389953048542e-06
297	P28239	2.6515989932751246e-06	2.709156008818374e-06	1.8812974056017768e-06
298	P28240	2.414355423896938e-06	2.970889313350062e-06	3.0813475171183643e-06
299	P28241	3.7008685874370267e-06	4.16616962834173e-06	4.874661711602607e-06
300	P28272	1.1647177034028218e-05	1.3183901553429385e-05	1.6106899349444903e-05
301	P28273	6.231893916490728e-07	7.220476549228358e-07	6.505727957205115e-07
302	P28274	1.4294587710852728e-06	1.7893591437440891e-06	1.5506409392907434e-06
303	P28321	3.972720303184321e-06	5.059467998903131e-06	4.78537128191525e-06
304	P28496	1.2196012773909863e-05	1.2201790999881125e-05	1.5554168758596995e-05
305	P28777	1.951125358415907e-05	2.1342387403496747e-05	1.7990630358225577e-05
306	P28789	3.3147336296424276e-06	3.704361906685208e-06	2.857436259990075e-06
307	P28817	1.9359710676137576e-05	1.7414875992911885e-05	2.0341771837208635e-05
308	P28834	1.932904840822704e-06	1.5870152976714476e-06	5.069038856917098e-06
309	P29029	2.6046661380587303e-06	5.334940419228469e-06	1.2602574007514022e-06
310	P29465	6.547289135779818e-07	8.977329665592207e-07	4.830256944090091e-07
311	P29509	3.5174807904723405e-06	4.355696293405922e-06	3.6396354946751556e-06
312	P29703	7.138595801666204e-06	7.316793526768903e-06	1.0388612062585476e-05
313	P29704	1.0291796405593194e-06	1.3682401165166278e-06	4.6871929710925224e-07
314	P29952	2.5093254722609725e-06	2.6647211699865114e-06	3.428641016873395e-06
315	P30402	3.120998994959075e-05	3.5123914034898715e-05	2.0796667235274677e-05
316	P30624	3.8590220771240846e-06	3.4907704113425626e-06	3.7919032255700818e-06
317	P30777	7.034904511367639e-06	6.644349355565085e-06	9.13721945137238e-06
318	P30902	1.2049328974518727e-05	1.1047106116749117e-05	1.5873642198750533e-05
319	P30952	2.470483919587355e-05	1.9420353201504164e-05	2.729570984361555e-05
320	P31115	2.7377705115896947e-06	2.5236941668613646e-06	2.4458474663610605e-06
321	P31116	7.5998320216608e-06	6.250566137203054e-06	8.273720424519039e-06
322	P31373	3.920142086313949e-06	3.6266381033692826e-06	3.997162278780312e-06
323	P31382	3.029172620956261e-05	4.727857641320999e-05	2.8681403672161163e-05
324	P31412	2.3969566760697913e-05	2.0321222781096113e-05	2.7694738388771875e-05
325	P31688	1.6257165340441268e-06	1.9316630505755132e-06	1.7254364131702923e-06
326	P31755	1.1062871299627238e-06	1.5503379232478065e-06	1.3065805559213868e-06
327	P32048	2.3664493394473743e-06	2.662757055750302e-06	2.584224953518509e-06
328	P32178	2.7293591090962046e-05	2.3804919088298518e-05	3.9870081053001926e-05
329	P32179	1.8509747005003452e-06	2.996157569286572e-06	3.2329248809739206e-06
330	P32190	6.891916348101823e-06	6.563445502855081e-06	8.713723955023452e-06
331	P32191	1.3658994673352027e-06	1.6129793700430729e-06	1.8929628935525565e-06
332	P32263	9.249982250093188e-06	9.206030686385768e-06	1.1837898434650737e-05
333	P32264	2.2472590414045205e-06	2.808100302229762e-06	1.8344640169926636e-06
334	P32288	1.9420196025656082e-05	1.579188544220811e-05	1.3686658777879808e-05
335	P32316	1.5010174003103422e-05	1.421227747672762e-05	1.3850653076839896e-05
336	P32318	2.954827515984039e-08	2.484323655036324e-06	6.774749651343687e-08
337	P32327	1.3219771464150513e-06	1.3057868563149802e-06	1.924153460653099e-06
338	P32340	1.527238340768978e-06	1.9239080213631443e-06	1.6338682565444192e-06
339	P32347	2.5485631346781786e-06	3.059034056223464e-06	4.1397084193262225e-06
340	P32352	1.16901986442545e-05	1.2019659201048842e-05	1.1006907194311053e-05
341	P32353	1.0427885276930334e-06	1.663328940292254e-06	9.555658178310636e-07
342	P32356	8.716126624566751e-06	6.876140659548622e-06	1.0106808686698636e-05
343	P32363	1.936716342434097e-06	2.420756507333828e-06	2.0851993658164784e-06
344	P32366	2.0705779538649444e-06	2.587295190795909e-06	3.0994824829043753e-06
345	P32368	3.91409614264734e-06	3.3269564456735042e-06	4.326953295379797e-06
346	P32375	2.1580102601821014e-06	2.4037927471744005e-06	1.8210053247090933e-06
347	P32377	2.2365040771696437e-06	2.65670502985656e-06	2.853935454159036e-06
348	P32378	1.0865366031971514e-05	1.0526192442213605e-05	1.0518154077383088e-05
349	P32383	3.0704222595555556e-06	3.2700999436457815e-06	3.060742231565581e-06
350	P32419	2.619331735503039e-06	3.1864066268483838e-06	3.2754169726000095e-06
351	P32449	1.0711058713151426e-05	1.2292502790358298e-05	1.0701702426906437e-05
352	P32451	3.944456539828479e-06	3.7085278206261105e-06	4.291112019777291e-06
353	P32452	3.92835688903911e-06	3.747103280854311e-06	4.696044082716128e-06
354	P32459	2.8703736238408613e-05	2.783369399480904e-05	3.0934768534095276e-05
355	P32462	3.426817500273042e-05	3.0329005657770693e-05	3.4287652548748e-05
356	P32463	5.166400761013843e-06	7.17513797728466e-06	4.3468405694820335e-06
357	P32469	7.404198469803621e-05	7.210785772753486e-05	7.429945167218792e-05
358	P32473	2.322864441451241e-05	2.607541388874939e-05	4.789521925186438e-05
359	P32476	2.2558780021112365e-06	2.320097122310344e-06	2.5206555681050685e-06
360	P32477	1.2785882524039154e-06	1.4841474937494824e-06	1.2606693463439568e-06
361	P32528	8.562865412628324e-07	8.569464347060924e-07	1.0811650194934403e-06
362	P32563	5.32293143826365e-06	6.367638684147432e-06	6.6789978594164275e-06
363	P32567	6.481133024852269e-06	6.2610762025387095e-06	7.898949903503152e-06
364	P32573	4.526054549453342e-06	3.818258047979427e-06	3.098701175118712e-06
365	P32579	1.7706210219963042e-06	2.691751624949934e-06	1.3694076106586444e-06
366	P32582	6.697464504702295e-06	7.232805359335691e-06	7.519869765721181e-06
367	P32584	2.0407783016224904e-06	2.7370362084497993e-06	1.7855768500883536e-06
368	P32603	1.0161248102466209e-05	1.1112711368988092e-05	9.507715927267001e-06
369	P32604	1.2176344292538228e-05	1.0769284267752905e-05	1.5310947310616145e-05
370	P32610	1.8265583902073031e-06	3.0746853691712e-06	8.71967832579622e-07
371	P32614	6.425631404114233e-06	8.90435889372166e-06	6.979028349622217e-06
372	P32621	4.741020890951815e-06	5.558315643098236e-06	5.594723870775685e-06
373	P32622	2.1781810118302177e-05	1.8376194782316214e-05	2.4714418405540467e-05
374	P32626	1.4697569116034794e-06	3.1561369654148567e-06	1.7010455241332713e-07
375	P32642	1.5444567375189325e-05	2.1483526910344882e-05	1.4625774358831704e-05
376	P32643	8.723345996852279e-06	6.719012901671423e-06	2.1494317179136675e-05
377	P32656	3.431350402051876e-06	4.165083922510688e-06	3.1625305998180576e-06
378	P32771	3.2614434229614544e-06	3.8829452882896544e-06	4.396603733312023e-06
379	P32784	1.3196555722670154e-05	1.0403485846140176e-05	1.64222939253586e-05
380	P32785	2.42038288439151e-06	2.85027606128247e-06	2.7692840598595154e-06
381	P32791	5.161738433576275e-07	7.273657567007382e-07	3.198191100980403e-07
382	P32796	6.773588442018591e-07	9.468611463483596e-07	6.011620967933507e-07
383	P32799	5.401658656956954e-05	4.4549040259131617e-05	6.341718013291047e-05
384	P32842	6.640717256613723e-06	7.015540103776018e-06	9.821509659967364e-06
385	P32861	2.7013168639769098e-05	2.3035250685026793e-05	2.8606598193879265e-05
386	P32874	9.652717486260926e-07	1.163109293098536e-06	6.348211719286472e-07
387	P32875	1.778648190553852e-05	1.7255930683561918e-05	2.0851016758470643e-05
388	P32891	0.0001414385918106367	0.00013392957884588916	9.509254959915653e-05
389	P32895	6.268719066938849e-06	7.281782468961166e-06	8.092639649804494e-06
390	P32903	2.1230668541013996e-05	2.7747793705804047e-05	3.46898231370451e-05
391	P32906	2.1884718774645165e-06	2.5217738629377226e-06	2.306100409679877e-06
392	P33300	2.681727305983932e-05	2.624354037642422e-05	2.395907268732298e-05
393	P33312	1.5018378238635786e-05	1.4314490664857947e-05	2.2526186780445495e-05
394	P33315	6.760001068663265e-06	8.39390517109363e-06	1.1995905590368739e-05
395	P33317	2.7181409617832824e-06	4.486738271153329e-06	2.501655132984654e-06
396	P33327	3.094507120739232e-07	1.8032102637725898e-07	4.1290373035549986e-07
397	P33330	1.3024810477390825e-05	1.3214639548888152e-05	2.0572320421880227e-05
398	P33333	5.947477634251436e-05	5.695809678012312e-05	6.332062779499773e-05
399	P33401	6.194693232915705e-06	5.52891449501331e-06	6.914914336830524e-06
400	P33412	2.730067619391585e-06	3.3494624155976457e-06	2.0893074943829854e-06
401	P33421	6.680822590523835e-06	8.525230175074859e-06	9.270922358020666e-06
402	P33550	0.0002211538380466284	0.0001979300560153875	0.00012144089692374247
403	P33734	2.562874437355341e-06	2.5251099949674465e-06	2.618376942151307e-06
404	P33751	1.0329579521642314e-05	1.2156375785024351e-05	1.1342945761248495e-05
405	P33775	6.3283123552633596e-06	7.334192071899607e-06	9.3511449174703e-06
406	P33893	5.505552975755614e-06	5.195472396891239e-06	6.659868706490423e-06
407	P34163	1.4444316962116264e-06	1.880455989201734e-06	1.0555560590525733e-06
408	P34227	1.3019375716192025e-05	1.2459034486882561e-05	1.7327148599722275e-05
409	P34756	1.2339852409973425e-06	1.3035982943127344e-06	1.8371077768649523e-06
410	P35172	1.1639547098393158e-06	2.6958211926074114e-06	2.1182486766719524e-06
411	P35196	4.940976180902674e-06	4.925145412061908e-06	6.764081187877899e-06
412	P35202	3.2672959686956523e-06	3.831011128085645e-06	2.7916366009857984e-06
413	P35206	8.447423397358918e-06	7.69015304955662e-06	1.0055862142616963e-05
414	P35497	1.0555990150754616e-06	1.8966508258584078e-06	5.262918035939953e-07
415	P35731	3.616375883673679e-06	4.850507133756799e-06	1.973052526676244e-06
416	P35842	1.6153241336359985e-06	1.5138173172138443e-06	2.198543743530536e-06
417	P36001	3.941711552166171e-06	3.6618077440186114e-06	3.0950942601233824e-06
418	P36007	2.6698322055786584e-05	2.6836990029064445e-05	2.136050014224086e-05
419	P36010	2.70441911207801e-05	3.071021763216217e-05	3.0489569262127568e-05
420	P36013	8.700271123829194e-07	1.1250000878416696e-06	6.683951104941378e-07
421	P36014	1.3174029371326046e-05	1.4227243280514858e-05	1.7571238396777828e-05
422	P36024	6.213688799471431e-06	6.570880541435001e-06	7.3041568202833655e-06
423	P36033	1.5213834441516235e-05	1.3493650936942353e-05	1.4091510720576281e-05
424	P36051	9.454794807251343e-06	1.050522707105901e-05	1.0461593478396188e-05
425	P36060	1.341322672571797e-05	1.3259916398450524e-05	1.2817479586808368e-05
426	P36076	3.713749887619363e-06	3.693911509702199e-06	5.8392862199832e-06
427	P36088	1.1716773962050473e-05	1.1220695700211211e-05	1.636573447443641e-05
428	P36107	2.8180139412769236e-05	2.523297289154692e-05	2.372641162023075e-05
429	P36126	2.8591064199327065e-06	2.8602120421745455e-06	2.6143652029566607e-06
430	P36136	8.146753546201794e-06	8.733041733580556e-06	7.417044813446973e-06
431	P36143	3.411877402723883e-06	3.867327048251965e-06	2.9413043159410246e-06
432	P36148	1.3181574378660294e-06	1.3629848154622991e-06	1.8945538956249866e-06
433	P36150	9.147143484626025e-06	8.703431188053173e-06	1.0295747332372809e-05
434	P36156	6.070726372027176e-06	5.807045594885797e-06	7.632721858536398e-06
435	P36165	5.923169633106886e-07	8.904226368380698e-07	3.314157212231875e-07
436	P36421	1.8451633993749745e-05	1.6194711951822628e-05	2.577195490314293e-05
437	P36973	3.913810584830182e-06	5.4309399727329144e-06	6.086983018195938e-06
438	P37012	2.5684380208084456e-06	2.72774780565005e-06	2.8253928035236573e-06
439	P37254	5.52719140029635e-07	7.554284367741237e-07	5.002641872726292e-07
440	P37291	1.9305775480859472e-06	2.1704113233180894e-06	2.2947322279318243e-06
441	P37292	6.008127679500503e-06	6.323498348738962e-06	8.000819324660881e-06
442	P37293	4.460830016823313e-06	5.057386069915377e-06	5.014543573097916e-06
443	P37296	4.822473029451215e-07	6.280559714262894e-07	3.8631409352669503e-07
444	P37297	4.948948147518021e-07	6.77247587272512e-07	2.607073803178461e-07
445	P37298	4.309075727069979e-06	4.899326524779298e-06	3.978662112949776e-06
446	P37299	8.248169111885489e-06	1.3100997023623882e-05	5.036287020920184e-06
447	P37303	1.7618136651148242e-05	1.3192308366004811e-05	2.4925018325003484e-05
448	P38009	2.496806032135575e-06	2.4223574601768234e-06	3.4716317034717993e-06
449	P38013	4.122855629908239e-06	5.405062291107925e-06	3.509507588817997e-06
450	P38063	8.461770665675254e-06	8.991008899703473e-06	9.14275762638298e-06
451	P38066	0.000490517464917014	0.00042346835769818556	0.00022436634905680648
452	P38067	4.3721835761293556e-05	4.0337631946995584e-05	4.8111485474655594e-05
453	P38071	1.4814346356490744e-05	1.4860790160610453e-05	1.665485039848851e-05
454	P38074	3.8191985719985915e-06	4.382199301615644e-06	5.3204648517745945e-06
455	P38075	2.0554267331762748e-05	1.9946993521515094e-05	3.296083194232674e-05
456	P38077	8.758495240553578e-06	1.1278020122448837e-05	9.896244884637768e-06
457	P38088	6.0094716876365505e-06	5.862868393240969e-06	7.814858317103859e-06
458	P38113	1.1718699390960705e-06	1.4782327827148323e-06	7.168114370528608e-07
459	P38115	6.699407541880877e-06	5.426124795537908e-06	9.132788723961734e-06
460	P38122	6.854978875884984e-06	6.663139396705527e-06	7.30176012428423e-06
461	P38130	3.2704570270825996e-06	3.5023284052641425e-06	4.247254865628912e-06
462	P38131	6.639442901087764e-06	5.674077046368795e-06	7.2238076069271945e-06
463	P38137	2.4599086480913885e-06	2.6970925218276387e-06	3.076383971269884e-06
464	P38138	2.7010032619454484e-05	2.230560524704174e-05	2.759429442128032e-05
465	P38139	1.1370998440061544e-05	1.2442136991205303e-05	9.932459208329893e-06
466	P38143	2.3392778850381835e-05	2.5398787208171248e-05	3.0788006966079756e-05
467	P38145	3.6928223646455945e-05	3.700143990178409e-05	4.1888209066119407e-05
468	P38149	1.7946193028583782e-06	1.7827696190562344e-06	2.5819357475383347e-06
469	P38158	1.0755950425328753e-05	1.0005580265026797e-05	1.5131618211583106e-05
470	P38169	1.3968200416288695e-06	1.4520986686519292e-06	1.2849561968687556e-06
471	P38174	1.8994983149539963e-06	2.2758574926001936e-06	1.8893186280149839e-06
472	P38211	2.124947071930653e-06	2.6678187470208637e-06	3.243519219479658e-06
473	P38218	1.6889909787124086e-05	1.8342459240702176e-05	2.5743504071068313e-05
474	P38221	5.384852497825599e-06	5.495432238159581e-06	5.5314339912814e-06
475	P38226	8.578385964707899e-06	9.297162435398617e-06	1.0734974569569418e-05
476	P38230	3.90065075640336e-06	4.6822350514786465e-06	3.7158030522393365e-06
477	P38242	1.2090471455792862e-05	1.3165509801749732e-05	1.0741989212014647e-05
478	P38286	5.010706422418518e-06	5.267694644518757e-06	4.407880393275602e-06
479	P38287	4.8309440638024435e-06	6.803864849467261e-06	4.597778372095353e-06
480	P38298	2.6494285212801756e-06	7.037707470840199e-06	2.4662097740353643e-06
481	P38342	3.2087964668363495e-06	3.4733559939038735e-06	2.9639855275687877e-06
482	P38360	8.517288490610048e-07	9.964317634555147e-07	4.0474893264779535e-07
483	P38426	1.6166042231980813e-06	1.8798352400813903e-06	2.7193326785936127e-06
484	P38427	9.999294805180383e-07	1.0171846505646976e-06	6.103289822801866e-07
485	P38604	3.834427996417349e-06	4.885637839403404e-06	4.815343413733621e-06
486	P38620	8.357219994049189e-06	7.863794519851114e-06	6.803855283512959e-06
487	P38625	6.722508310135495e-06	6.630175791635033e-06	8.276035580055949e-06
488	P38626	1.6587078706439575e-05	1.731828844680714e-05	1.7056698139185877e-05
489	P38627	1.788016088675978e-06	2.0022113326230877e-06	2.3442153597956323e-06
490	P38628	1.027454089337007e-06	1.2035580745875268e-06	3.8642418746253826e-07
491	P38631	6.687919489903757e-06	6.045786349796501e-06	9.778012501596067e-06
492	P38635	6.3811934280715365e-06	6.208978296163807e-06	7.705893872277852e-06
493	P38689	1.3827459584666897e-06	2.5628248554342335e-06	9.445514717911754e-07
494	P38693	9.89953164002247e-05	7.731088224904258e-05	8.248202328026839e-05
495	P38697	5.404330295413834e-06	6.0437254991295254e-06	6.459028367889616e-06
496	P38698	5.716859163856785e-06	5.526513601649333e-06	6.333770747954097e-06
497	P38703	1.3697887298225567e-06	1.7168957010577238e-06	1.5197617936417709e-06
498	P38705	5.1343514703253825e-06	4.847321109928161e-06	6.050246513496805e-06
499	P38707	1.335277416716704e-06	1.4042037473215557e-06	5.51303693148386e-07
500	P38708	3.2342525377783066e-06	3.1814541287563127e-06	2.8594177115827676e-06
501	P38709	7.602530663756465e-07	9.06613336184e-07	5.582262281238769e-07
502	P38710	2.3093651462606094e-06	3.223721388700363e-06	3.5563383020618474e-06
503	P38714	4.655927243285588e-06	4.311145842983581e-06	4.851358599275925e-06
504	P38715	2.089078569137315e-06	2.945622950721733e-06	1.8060130197955762e-06
505	P38720	2.4334021893011897e-05	2.6779457983723888e-05	1.9400928212758792e-05
506	P38744	4.388261735287038e-06	6.259763772039357e-06	2.5476573624893905e-06
507	P38773	3.291185019667366e-06	3.997101625645942e-06	3.183393132351188e-06
508	P38774	1.469281214500604e-06	2.81885404768118e-06	1.3016901975026457e-06
509	P38787	5.41239108807361e-06	6.312634748974942e-06	5.5117857838963126e-06
510	P38790	2.746985567089033e-06	3.5251619650642865e-06	3.813959010095901e-06
511	P38791	5.224566806474307e-06	5.129838855118904e-06	6.973274771946656e-06
512	P38795	1.1740663598422726e-05	1.130009597201993e-05	1.4983179958702129e-05
513	P38812	3.973941525749917e-06	4.837960054802579e-06	4.986524062158987e-06
514	P38816	2.9105460189172488e-06	4.275978084180441e-06	1.4215866221103894e-06
515	P38818	4.980691943790522e-06	5.72031409922793e-06	5.902591020602425e-06
516	P38824	9.240424516837513e-06	9.550523811388846e-06	1.2987725476139045e-05
517	P38827	7.787154330898056e-07	2.0685107664148755e-06	7.24864096862031e-07
518	P38840	0.00015291450657280154	0.00013581744203303443	0.00010777950113718753
519	P38858	2.1091054956429603e-05	2.1047838813201265e-05	1.8091896283572703e-05
520	P38891	1.1564060386589598e-06	1.7912906550545923e-06	9.463843170425568e-07
521	P38913	3.240496949463568e-05	2.05044547564742e-05	3.5089693556354474e-05
522	P38929	1.0790065642438924e-06	1.1452299274790809e-06	7.640570262311308e-07
523	P38954	1.9491486305413567e-06	2.721665224672746e-06	1.7807649195753785e-06
524	P38972	1.1506834450339747e-06	1.2477074059295255e-06	1.4720877369262818e-06
525	P38986	1.5293884979169076e-05	1.2690023236157409e-05	1.8705005244586254e-05
526	P38992	1.7427066794512693e-06	2.3816951113499285e-06	1.9908566526212014e-06
527	P38993	3.43383542210105e-06	3.071445059515755e-06	4.133938589529686e-06
528	P38994	1.456601921339185e-06	1.5165015239573665e-06	1.5896329417830722e-06
529	P38995	2.3590426506817685e-06	2.5152880700830567e-06	2.710488295322219e-06
530	P38998	8.811261162857544e-06	8.785338614152659e-06	8.381757419018064e-06
531	P38999	1.2101051972126417e-06	1.72732148785674e-06	9.401265947958625e-07
532	P39002	2.2174569409848228e-06	2.31463031176774e-06	2.471645776375434e-06
533	P39006	1.6616344053741004e-05	1.191291828696104e-05	2.4922329440265178e-05
534	P39007	9.505835919001288e-06	8.030288945344896e-06	1.1857008929414955e-05
535	P39104	6.306205790114257e-06	6.268447702413316e-06	6.2031845254747804e-06
536	P39105	7.561894701563622e-07	1.1175826818600473e-06	1.0300878325535604e-06
537	P39109	9.045047520204767e-06	9.789353167312112e-06	7.417486483233173e-06
538	P39111	4.769270064790431e-06	6.997707861433178e-06	6.106935076210088e-06
539	P39518	7.208252727192887e-07	1.2601154725449793e-06	1.4610353913740983e-06
540	P39522	5.276720832949905e-06	5.251148235096482e-06	6.862762868567538e-06
541	P39524	3.854661611557793e-06	4.2835982143240405e-06	4.216672277176835e-06
542	P39525	1.8652553097424706e-05	1.410447219843028e-05	2.131537652568151e-05
543	P39533	1.6552056095904272e-06	2.2731841947164685e-06	1.5875870615687604e-06
544	P39540	7.215142325455208e-06	7.2248945966400625e-06	7.191028314473257e-06
545	P39676	2.36912735435058e-06	2.8243482405067416e-06	3.112116149343368e-06
546	P39683	2.995331097514352e-06	2.643902407144331e-06	2.7893406990223384e-06
547	P39692	1.2407071948433931e-06	1.2724365455327138e-06	1.2492272457150022e-06
548	P39708	3.919465423952606e-06	3.993028551713221e-06	5.063848722669836e-06
549	P39713	9.818626997129482e-06	1.1656889193065013e-05	1.6398924202432504e-05
550	P39714	2.728842800884228e-06	2.694093624138136e-06	2.4757375389551252e-06
551	P39726	7.978424609466078e-06	8.573086226243389e-06	6.461591788213908e-06
552	P39730	3.9740624423347e-06	4.0228060304716575e-06	3.687719181870809e-06
553	P39954	2.8405996726953556e-06	2.728386655389e-06	3.389181269467085e-06
554	P39965	5.524498071198543e-06	5.825888279701761e-06	6.8466404943047976e-06
555	P39976	1.8125156198040742e-06	2.3763872857513087e-06	1.8496170972387146e-06
556	P39979	2.7219168020379722e-05	3.0238958168380143e-05	2.231680928044903e-05
557	P39986	4.793392594357969e-06	4.0999906957567515e-06	4.6436638525221304e-06
558	P39988	2.645293005705672e-06	3.1713758635840153e-06	2.378683492187294e-06
559	P40009	0.00011878556653365249	0.00012498856667823952	0.00010213255833087927
560	P40011	1.6752083633223642e-05	1.6226929651349215e-05	2.0189412743525873e-05
561	P40012	3.825647883750967e-06	3.76716155445187e-06	5.653742673026146e-06
562	P40015	9.607124585053021e-06	9.526599507941566e-06	1.2657830805720133e-05
563	P40017	1.0107012704541932e-05	9.112301847619564e-06	8.640128859330714e-06
564	P40025	2.5571044280427366e-06	3.0975873768360767e-06	2.0401547165038313e-06
565	P40029	6.672037946726455e-06	6.781147153394825e-06	6.38137079855371e-06
566	P40047	2.3729055913786888e-06	2.8577019840197555e-06	3.816427018336091e-06
567	P40054	5.789561328781671e-06	6.328304151280683e-06	5.180832827440628e-06
568	P40086	8.979530742542504e-06	1.042060872538798e-05	1.3211435467060485e-05
569	P40099	2.851430353540879e-06	4.216730356827466e-06	5.170684224968287e-06
570	P40106	9.831129389430933e-06	9.883755395624075e-06	1.2015516208148415e-05
571	P40215	7.718195144037976e-07	1.2807479939337941e-06	5.931219791287334e-07
572	P40308	1.632120845401981e-06	1.9212484235834434e-06	2.422344281125997e-06
573	P40319	7.899409288820372e-06	6.910551210290435e-06	1.0256772177274246e-05
574	P40345	4.044448426036795e-06	4.9048465522059615e-06	3.819166171088776e-06
575	P40350	1.336659027320333e-05	1.25216805516781e-05	1.8235749201707777e-05
576	P40351	7.032146552877989e-05	7.74091610709137e-05	5.3865097232853605e-05
577	P40353	1.6289748344746054e-06	2.0553151888915395e-06	1.4030716111566943e-06
578	P40360	7.755318994018716e-06	7.13739192435397e-06	8.324036842248194e-06
579	P40363	5.750629411728462e-05	5.4633892767617154e-05	6.374641384447079e-05
580	P40433	2.425809271234829e-06	2.624909984706681e-06	2.4256137283730375e-06
581	P40459	1.1256332061789453e-05	1.148641955008906e-05	8.6231847407335e-06
582	P40471	3.7302572832942036e-06	3.915081347245445e-06	5.351764245224113e-06
583	P40495	6.909923146738276e-06	7.649583676326336e-06	8.864817131804439e-06
584	P40506	7.038352393844506e-06	6.970205244169204e-06	1.0496351209314832e-05
585	P40510	2.091802550288974e-06	1.822208777888568e-06	2.4852876376350707e-06
586	P40527	3.4455177989264777e-06	3.7120242805997325e-06	5.640963318136417e-06
587	P40545	3.2132184960281488e-06	4.412382354883649e-06	3.947734200692087e-06
588	P40553	2.285302518591045e-06	2.9029577892510784e-06	1.3048327497677154e-06
589	P40559	1.8543097544800517e-06	1.5690358937823112e-06	1.1779069190569403e-06
590	P40580	1.9513847215353426e-06	2.4488473740158313e-06	1.3435418714080792e-06
591	P40581	1.9565298790428837e-05	1.8775526162265114e-05	1.823243158612692e-05
592	P40582	2.7874291763114017e-06	4.121849429947975e-06	2.348582999068184e-06
593	P40825	1.2683525778125551e-06	1.4624404295075184e-06	9.566920817036678e-07
594	P40857	1.5790979947299126e-06	3.45131581051838e-06	1.6312302629507964e-06
595	P40884	3.980284567475287e-06	4.442049725579526e-06	3.530703942492178e-06
596	P40970	2.8088648972615235e-06	2.9970384168013816e-06	2.6181350994680483e-06
597	P40975	1.7372489281716175e-05	2.35963575549703e-05	1.5823786349993398e-05
598	P40988	2.3830878473772454e-06	2.7631329985272013e-06	2.9207862992513697e-06
599	P40989	8.10060831145251e-07	1.001180116518107e-06	1.226207746294963e-06
600	P41277	1.1180654610421155e-05	1.1268410758753353e-05	1.7465386873528323e-05
601	P41338	1.3633017911710322e-06	1.8163212850121502e-06	9.551977660874321e-07
602	P41734	1.2364257600390843e-05	1.600007858589629e-05	1.1477488053023622e-05
603	P41735	8.784879869126628e-06	8.072209196920339e-06	1.0710082573499925e-05
604	P41807	2.428401438113496e-06	2.736565167549545e-06	3.848408144740958e-06
605	P41835	1.3755244300822265e-06	1.407367352430321e-06	2.0602255464500594e-06
606	P41903	2.9602381052602878e-05	4.058761656204273e-06	8.68872249672807e-06
607	P41911	3.0464022422571334e-06	1.2612254656069929e-05	5.83176713111667e-06
608	P41921	1.5223420772419675e-06	2.105086894427874e-06	1.1858861579338712e-06
609	P41939	6.615297985051502e-06	6.965303856620593e-06	6.499672334406253e-06
610	P41940	1.232997442198251e-06	1.8011257321571047e-06	1.21075726964606e-06
611	P42222	4.597890636176949e-06	5.916946007596391e-06	3.6619799309483657e-06
612	P42826	9.042373289711802e-07	1.1202901066914122e-06	8.846028148206263e-07
613	P42837	9.312680250594226e-07	1.034999333936037e-06	6.186108131700508e-07
614	P42884	2.9162083724074207e-06	2.91576868858946e-06	3.0641007748045056e-06
615	P42941	1.9212564587879676e-06	3.7687898316166873e-06	2.0994073250616542e-06
616	P42951	2.928634546352707e-06	3.297396922398166e-06	2.9349181013737422e-06
617	P43123	1.3616568811620912e-06	1.8312903693811056e-06	2.084850941633929e-06
618	P43544	1.8361222410127647e-05	2.0339563837053642e-05	2.481147252470476e-05
619	P43545	9.921190848793527e-06	1.196248681505556e-05	1.2865570596246477e-05
620	P43550	5.831887078090995e-06	4.538432595196395e-06	7.336133629996621e-06
621	P43567	2.9841338999377483e-05	3.80743001543051e-05	3.3417833674299376e-05
622	P43577	0.0006628621478375578	0.0007707207313792247	0.0004171491696446289
623	P43616	9.250430422158083e-07	1.3576856130872503e-06	3.146261937975026e-07
624	P43619	8.907444384873039e-06	9.250622152657256e-06	9.590944531446191e-06
625	P43623	1.6317784664590084e-06	2.090062101477591e-06	1.2174824268881017e-06
626	P43635	4.57519303489502e-05	4.426193802922851e-05	4.299783583352876e-05
627	P43636	1.3467743237143415e-05	1.4906677997657897e-05	1.4745869619082469e-05
628	P46151	1.0652380720534474e-06	1.1661110538235914e-06	1.0624445163779178e-06
629	P46367	5.99535099457133e-06	6.37663753867513e-06	7.2143090989385806e-06
630	P46655	8.851777059665772e-07	9.392763786883714e-07	9.13936109435622e-07
631	P46681	3.0011894800815283e-06	3.132246280081528e-06	3.327403527369913e-06
632	P46961	4.495658854475636e-05	4.112503928097886e-05	7.514221414411788e-05
633	P46969	5.182758510924788e-06	6.238473794245312e-06	1.0213176096538529e-05
634	P46971	2.81989971028421e-05	5.67762292333005e-05	1.94051807476867e-05
635	P46995	3.180388819499082e-06	2.6501028176765136e-06	1.0450370579625625e-06
636	P47011	2.0657641509831634e-06	2.6793637718407044e-06	3.574134560310331e-06
637	P47013	3.848229723772693e-06	3.2325118412848094e-06	4.335289837474965e-06
638	P47016	1.282197361054321e-06	2.8083744974841033e-06	8.90126842319226e-07
639	P47026	1.2135379650132334e-05	1.147614647961865e-05	2.0711414926552486e-05
640	P47039	4.96962594901865e-06	5.670879058762189e-06	5.406769015104511e-06
641	P47051	5.295168537726359e-06	6.042358254173734e-06	5.760947297288771e-06
642	P47052	3.5872244498393247e-06	4.093409890474879e-06	3.90276737214932e-06
643	P47081	1.7680529003250127e-05	2.0175389999355546e-05	1.9235760873372457e-05
644	P47088	3.324352611618878e-06	3.327999359230633e-06	3.272830472206589e-06
645	P47095	1.455209679924979e-05	1.6576701052833486e-05	1.995349500933358e-05
646	P47096	1.389745781762214e-05	1.3594990157777317e-05	1.6147528286258854e-05
647	P47119	7.255844291082243e-05	5.3742998299340425e-05	9.097638754071246e-05
648	P47125	1.1911583305182473e-06	1.4336742305603937e-06	1.2194534764034267e-06
649	P47143	5.856365664948422e-06	4.844618446731332e-06	5.548583994260201e-06
650	P47147	2.019230696e-06	1.9012945966934824e-06	2.0632970492280666e-06
651	P47164	7.456045352311923e-07	9.108967944258405e-07	4.971543036011281e-07
652	P47165	6.353102538850069e-06	6.772657832031431e-06	8.02452255903747e-06
653	P47169	4.5638051294897005e-07	5.818229457079874e-07	3.3245025438639373e-07
654	P47176	1.7759375040468948e-06	2.111651008676517e-06	1.969157682860205e-06
655	P47177	7.4122179149447944e-06	6.88613523392316e-06	8.844499076832704e-06
656	P47180	3.228668701429667e-06	3.5717300457583614e-06	3.3043728630096282e-06
657	P47182	6.3020418883065415e-06	6.374390459902978e-06	7.419582607918454e-06
658	P47190	7.322756023393071e-07	9.261361315920902e-07	6.822994965420571e-07
659	P47771	1.584587050317605e-06	2.128645866536783e-06	1.7677281510542872e-06
660	P47912	2.319473029994383e-06	2.52221770961844e-06	3.4442869251881405e-06
661	P48015	3.83739069317754e-06	4.412793540333446e-06	3.60382261453363e-06
662	P48016	3.3976167171766494e-06	3.667248076732598e-06	3.326814191612156e-06
663	P48239	1.6927349122370889e-06	2.075722650288952e-06	1.2866162601296822e-06
664	P48360	5.93631726839483e-06	7.690217981906005e-06	8.20274453145822e-06
665	P48445	1.308604419162746e-05	1.4606651626005684e-05	1.5400131622497388e-05
666	P48525	2.7007691135683136e-05	2.1130424975072513e-05	2.7716232314582085e-05
667	P48526	9.68519579392093e-07	9.700333473543708e-07	1.0793293170102768e-06
668	P48527	1.2079876325148405e-06	1.6592329776081898e-06	1.2803390322886756e-06
669	P48567	1.731235531053299e-06	2.2146090388249067e-06	2.2762289173368676e-06
670	P48570	6.339244045584324e-06	6.0649378054620285e-06	6.355242095127285e-06
671	P48836	2.1554564151104535e-05	1.9916019363264695e-05	1.740982189471061e-05
672	P49017	1.910060461503935e-06	2.668921533494248e-06	1.920232614903734e-06
673	P49089	2.1444312370519e-06	2.3790884185572197e-06	2.033751886717915e-06
674	P49090	4.314046692547762e-05	4.0742376977368074e-05	4.189524439952564e-05
675	P49095	4.1531637935884666e-05	4.4062961177991216e-05	4.01959621836296e-05
676	P49367	8.476706696794669e-06	9.610177584543971e-06	1.3363732776534495e-05
677	P49435	2.004016398950017e-05	1.690024978664672e-05	1.9784555729735466e-05
678	P49723	4.506631673191762e-06	6.061419522994283e-06	4.0236891826906e-06
679	P49775	2.350996662476935e-06	3.0139136347158273e-06	2.026252005415343e-06
680	P49954	3.015737509077883e-06	3.6358502916164545e-06	3.5400635132212983e-06
681	P50076	4.1922443950785365e-06	4.294526663453013e-06	3.086405718027608e-06
682	P50094	2.423569663686775e-06	2.4233171380331235e-06	2.9423668724338046e-06
683	P50095	3.9126832286888745e-06	3.983057897719608e-06	5.292323951725439e-06
684	P50107	2.4925908489098877e-05	1.906073865291687e-05	2.8142534548230806e-05
685	P50113	2.551892347339804e-05	1.9324774821947793e-05	2.032331642599954e-05
686	P50264	5.739139697610199e-07	6.330384324854172e-07	6.843942813314572e-07
687	P50277	6.438118532075294e-06	7.038231791857305e-06	8.660143383449626e-06
688	P50861	6.866908912275922e-06	6.5654176559879285e-06	5.750044799937918e-06
689	P50942	1.5294084669128111e-06	1.4852061544310626e-06	2.1573628672778573e-06
690	P51601	2.149377506405445e-05	2.0620070392788504e-05	3.405682488769145e-05
691	P52290	1.0967266522266337e-05	9.717629596201671e-06	1.2887069654799608e-05
692	P52489	3.6055299520771082e-06	4.588169816114647e-06	4.879710318208243e-06
693	P52867	1.1339826654237994e-06	1.7428870811814668e-06	2.453647260410305e-06
694	P52892	7.102224229318866e-06	8.182766997938348e-06	8.748980915854993e-06
695	P52893	1.2698895714157358e-05	9.798117098498688e-06	1.4732669815000576e-05
696	P52910	1.5754789751361206e-06	1.5730433163821336e-06	2.033176519930059e-06
697	P52911	9.245421744208603e-06	8.105173564295522e-06	1.0839810106710335e-05
698	P53008	2.7024461124599047e-06	2.58279599286402e-06	3.136843265209612e-06
699	P53037	2.0158101488736245e-06	1.92720004191332e-06	1.997372658595256e-06
700	P53045	1.8788086589549055e-06	1.9507118850038655e-06	1.4212951093247075e-06
701	P53051	2.624397924693259e-06	2.630557740168883e-06	3.097282685181246e-06
702	P53078	8.18497445185023e-06	8.800575459089994e-06	8.548862103150427e-06
703	P53090	9.869739798644594e-06	1.0276380354480116e-05	1.3771969796314286e-05
704	P53095	4.8035699063885585e-06	5.103379870700678e-06	5.678570419525968e-06
705	P53101	7.598195944211779e-06	8.352827523803351e-06	8.946473026990814e-06
706	P53128	6.40029660949825e-06	5.677857802458809e-06	7.80069743777736e-06
707	P53164	1.985394813975696e-05	1.7368107680298553e-05	2.615812534357202e-05
708	P53167	3.1619589975981478e-06	4.093018430742642e-06	2.6077561437460074e-06
709	P53178	8.035901241749966e-06	1.0057285418792818e-05	7.563841240152864e-06
710	P53184	7.538019916944425e-06	7.749183816230146e-06	8.718131147625656e-06
711	P53199	9.266039032063998e-07	1.774314584390637e-06	6.11400974248976e-07
712	P53204	1.2248074214534815e-05	1.2848572340218662e-05	1.3428932681531099e-05
713	P53206	1.71092568031289e-06	2.5226052777383707e-06	2.2463787364998013e-06
714	P53223	5.62932130780918e-06	6.506987747487143e-06	6.922775668095337e-06
715	P53228	3.191240565754227e-06	3.7354771606704247e-06	4.271542991645246e-06
716	P53230	6.398669473472579e-06	6.280431276136833e-06	6.9349071562324e-06
717	P53239	7.630723730164152e-06	7.029746292702609e-06	9.799153153454136e-06
718	P53264	1.099028817571379e-05	1.1043219388324413e-05	1.5296755302021255e-05
719	P53296	3.039951726062878e-06	2.5250512269098198e-06	4.446973787815566e-06
720	P53306	8.426497898613298e-07	1.2445879095081446e-06	8.151292631890156e-07
721	P53312	1.012329796771105e-05	1.0178911652834014e-05	1.1742539628131768e-05
722	P53314	3.1419429818919645e-06	3.400681178582074e-06	1.109954188687207e-06
723	P53315	1.7822559348110242e-05	1.784296838053543e-05	2.3465017284157476e-05
724	P53318	8.862486823112373e-06	1.0798516678927645e-05	9.750028375177833e-06
725	P53319	2.113768110819947e-06	2.172634160299984e-06	2.9644974942100398e-06
726	P53332	2.004523183076107e-06	3.0221038873176904e-06	2.2287468225423384e-06
727	P53341	1.220442785326261e-05	1.1473759228193498e-05	1.527214010295321e-05
728	P53598	1.3112905310929433e-05	1.33858970799525e-05	1.4402519672177209e-05
729	P53615	2.353379199871274e-06	2.609174471852287e-06	1.8857695729623878e-06
730	P53629	1.4102159494591679e-06	1.7258308917814192e-06	1.0856147428002648e-06
731	P53630	9.321972735488137e-06	1.0049234585593175e-05	1.0602954983123435e-05
732	P53685	4.048252908909361e-06	4.051508410219126e-06	3.921604577551696e-06
733	P53686	5.679077374767353e-06	5.047248333530303e-06	6.9636070144681966e-06
734	P53687	6.934296484005385e-06	7.653067020508907e-06	1.0599009195511993e-05
735	P53688	4.557011878660199e-05	4.563626765483749e-05	4.2039500869462945e-05
736	P53727	1.2517657555804846e-06	1.5940439884122486e-06	1.1513603493786213e-06
737	P53730	3.7371252228848614e-06	3.817343487406689e-06	4.612639006458003e-06
738	P53746	8.859880766794368e-07	1.1616611913024689e-06	1.014368204628324e-06
739	P53753	1.131032342472213e-05	8.521372420261415e-06	1.1102870852269874e-05
740	P53823	6.10669919358426e-06	5.861603490295144e-06	9.09135064397842e-06
741	P53824	1.7025821552028475e-05	1.6399044690399022e-05	2.2163472555427214e-05
742	P53839	1.020515528048827e-05	1.1533591879748038e-05	1.1558687916981791e-05
743	P53848	2.223456645421306e-06	2.3915307147690726e-06	3.3066318946439865e-06
744	P53852	7.073482948489433e-07	7.28685644463658e-07	7.239683645930767e-07
745	P53868	4.694012202736912e-06	3.838130757324554e-06	4.174381165827681e-06
746	P53871	6.823995347752222e-06	5.926427579339489e-06	9.004941297924493e-06
747	P53909	2.5389788381154026e-06	2.861967930978176e-06	3.090884859664439e-06
748	P53915	6.346677523960421e-06	7.0063598783306595e-06	7.26091015110957e-06
749	P53934	6.091293173018002e-06	6.458203496392993e-06	5.731765847400225e-06
750	P53954	1.8007085849797446e-06	2.2307440302541212e-06	3.1118780581027833e-06
751	P53961	4.222794305954581e-06	4.749466054164447e-06	4.864084980673453e-06
752	P53966	8.341983906521514e-07	1.4602712449621565e-06	5.589950309959581e-07
753	P53982	1.4031620886419257e-06	1.8640546769401536e-06	1.129525956136409e-06
754	P54070	7.090639357739717e-06	6.605272132726826e-06	7.3117606642811544e-06
755	P54113	2.942927988244477e-06	2.6715710995462145e-06	2.9484975180476087e-06
756	P54114	7.010327101463572e-06	7.058022529224881e-06	9.904221808590775e-06
757	P54115	3.187603326387944e-05	1.2781203359326057e-05	4.1326164230744154e-05
758	P54781	6.051514242690366e-07	8.607946535238529e-07	7.088490198063215e-07
759	P54783	7.074262729631375e-07	1.2361978851890944e-06	4.199099865630705e-07
760	P54838	7.66481988062308e-06	7.675772616058772e-06	1.1378548154908353e-05
761	P54839	2.9142605795877405e-06	1.4518282353193006e-06	1.6026122976859706e-06
762	P54857	3.13754387505664e-06	2.921366547479894e-06	2.126619220012373e-06
763	P54861	2.0371053606191213e-06	2.2232708029698253e-06	2.1917549509549502e-06
764	P54885	1.731726427690873e-06	2.350054676035062e-06	5.952887750721218e-07
765	P61829	4.704797553554888e-06	7.70454841801263e-06	5.955668551448382e-06
766	P62651	3.315003072424332e-05	2.914755356401543e-05	4.0506642516722974e-05
767	P80210	1.1269255739462376e-05	1.1278432358175438e-05	1.3874661906994926e-05
768	P80235	6.071150866112183e-07	1.0866736341841936e-06	5.33314182917069e-08
769	P81449	1.9603912836737038e-05	2.2259689287079076e-05	2.3954781279952928e-05
770	P81450	1.0744833525799046e-05	1.3760088191952155e-05	1.0075303971157897e-05
771	P81451	6.749403415473746e-05	7.518182987639607e-05	6.017380218114787e-05
772	Q00055	1.8236742040982525e-06	1.924565375614827e-06	1.5301325353634565e-06
773	Q00711	8.401839057893462e-07	1.2429107855938716e-06	8.465840466369163e-07
774	Q00764	9.430167463018024e-06	1.02969757817414e-05	9.142126911135999e-06
775	Q00873	2.7096948771382117e-06	3.2008422325755485e-06	1.4166240898280107e-06
776	Q00955	1.1278982654928362e-06	1.2678623276641221e-06	1.4585181729406398e-06
777	Q01217	8.56686257451939e-07	1.1172507198532713e-06	1.024658202751162e-06
778	Q01519	9.946698264173271e-06	9.417944679100941e-06	6.917007645463017e-06
779	Q01574	5.670156659539e-06	5.775821726772824e-06	7.884443459414261e-06
780	Q01662	1.61967794448491e-06	2.6048142972278605e-06	9.746055662231625e-07
781	Q01802	2.6486624224132835e-06	2.917024141690897e-06	3.4714608533771985e-06
782	Q01896	4.5996488106744687e-07	5.892831315424421e-07	5.663678161587141e-07
783	Q01976	4.670565433449611e-06	5.682251003346035e-06	4.713900768933491e-06
784	Q02046	2.802216732679912e-06	3.0673604944229575e-06	2.673810131369537e-06
785	Q02196	3.091803482097068e-05	2.5439541357618735e-05	4.0680869348548834e-05
786	Q02207	9.02475845614581e-07	1.1439904567040924e-06	1.303518227219517e-06
787	Q02784	2.7923453710220544e-05	3.028647774893958e-05	2.8811786660076783e-05
788	Q02895	1.3130359317009702e-05	1.294462670801623e-05	1.6172623057284175e-05
789	Q02896	3.614791359186914e-06	3.7156785395946388e-06	4.562327467103866e-06
790	Q02979	8.33058553438347e-07	9.587427339338908e-07	1.2386644156563829e-06
791	Q03034	4.534875373708425e-06	4.463642957758565e-06	6.249888608014814e-06
792	Q03161	5.188510266249499e-06	5.328735146390859e-06	6.148496019637648e-06
793	Q03175	3.1198377035383083e-06	3.983747654361792e-06	2.9308690749723384e-06
794	Q03262	2.7674320194668284e-06	2.9972899942363624e-06	3.2236572458094534e-06
795	Q03266	2.110164111957973e-06	2.640111738728706e-06	1.937291777985741e-06
796	Q03529	1.1043998728270761e-06	1.4503982261372073e-06	1.0979808512173972e-06
797	Q03557	2.0033115161331525e-06	2.463985336976453e-06	2.2507815152014775e-06
798	Q03579	9.720687269268553e-06	1.8973836194058694e-05	4.918171256271053e-06
799	Q03649	1.7260589241659473e-06	2.2734057093379987e-06	1.2718319860523348e-06
800	Q03674	1.6157562871170364e-06	2.017468122634789e-06	1.6346214920753296e-06
801	Q03677	2.5677527973595665e-05	2.6655839560447915e-05	2.838704029548695e-05
802	Q03764	8.751170632203319e-07	1.4022521024304134e-06	6.996777698901583e-07
803	Q03778	6.401794235023353e-06	6.172939354038716e-06	7.72000429840975e-06
804	Q03786	6.714296992793399e-05	6.330848149633878e-05	6.0729272949006707e-05
805	Q03835	4.7541863927725134e-06	5.524373429831924e-06	4.156470902001769e-06
806	Q03941	3.207455401410388e-06	3.6839913605243606e-06	3.5475371133027077e-06
807	Q04066	6.568967481030443e-06	6.848153932957488e-06	6.26663190268654e-06
808	Q04082	4.194740611476446e-06	5.454943067437663e-06	5.897278322834059e-06
809	Q04089	1.0210518555637532e-06	1.268714921038655e-06	7.573649828255164e-07
810	Q04119	4.326271033892781e-06	5.307599304451752e-06	5.719711857332381e-06
811	Q04120	4.175422331704317e-05	4.253022476002924e-05	5.540247968829646e-05
812	Q04174	1.9341014307339313e-06	2.8662470231351142e-06	3.2394711935778737e-07
813	Q04178	5.015457768677384e-06	6.360356721002898e-06	6.310881130242389e-06
814	Q04179	2.6701638884602745e-06	3.1613569862339305e-06	3.7450258507211805e-06
815	Q04212	3.5101701667868134e-06	4.400390618608059e-06	4.844526943964835e-06
816	Q04299	9.314174778998473e-06	2.000416666735822e-05	4.932414415828859e-06
817	Q04396	3.1895882992839868e-06	3.586624936035965e-06	2.6193970017075917e-06
818	Q04409	1.2937455482469915e-06	1.6901295249695818e-06	1.5836672326048538e-06
819	Q04430	4.114690440929614e-06	4.3333373778111146e-06	6.257534269504339e-06
820	Q04432	7.78094789500709e-06	8.634573670449864e-06	1.0313000062055319e-05
821	Q04458	6.5375875403548585e-06	8.280514710623383e-06	9.288493660397139e-06
822	Q04533	1.6369214666600778e-05	1.4232530226437472e-05	1.7651817601286666e-05
823	Q04728	9.073455165728856e-06	1.059157215005137e-05	1.0584447266303915e-05
824	Q04792	3.932683898146022e-06	3.968756369453312e-06	4.831315915444159e-06
825	Q04806	8.073435141321888e-06	9.38916053557871e-06	9.464347826342098e-06
826	Q04894	1.38261504710788e-06	2.2177891736144176e-06	1.5249874119747591e-06
827	Q04902	3.0797915785290325e-06	3.696787768860215e-06	3.560717970098925e-06
828	Q04935	2.97130913033353e-06	3.4948914346729527e-06	2.5204384851950503e-06
829	Q04952	2.786632782926023e-07	3.016183151039073e-07	6.646012691542729e-07
830	Q04958	1.691017798922136e-06	1.5407865747197982e-06	1.5260202771273904e-06
831	Q05016	0.00019995159547001688	0.00013253643115367363	0.0001822249881476293
832	Q05506	1.4034651710881553e-06	1.5145368090179938e-06	1.8723292869113553e-06
833	Q05521	1.8335516119775136e-05	1.9677799435921942e-05	2.093079788932339e-05
834	Q05533	1.0567138979002274e-05	1.0044298850950426e-05	1.1584653496910604e-05
835	Q05567	1.7480451199336244e-06	1.7233628087640545e-06	2.1773989982525086e-06
836	Q05584	1.222399266420098e-05	1.1909674857641778e-05	1.5984102514620614e-05
837	Q05779	1.1239984596780025e-05	1.089490013631457e-05	1.4615158251143067e-05
838	Q05788	1.393786552389584e-05	1.2956570975636915e-05	1.77395621963196e-05
839	Q05871	1.4448493143865228e-06	3.0505375524775073e-06	7.548716550664066e-07
840	Q05874	2.9340417290345224e-06	8.943738245323795e-06	4.5316465232096655e-06
841	Q05902	2.030334910805357e-06	2.3157782194444384e-06	2.0854429711497136e-06
842	Q05911	9.228140035674919e-07	1.4311277590026052e-06	8.338692755219959e-07
843	Q05979	1.6110997087831947e-06	1.9232404725819094e-06	1.089948233592726e-06
844	Q06005	2.597031060150281e-06	3.0621303793968367e-06	3.0723212850049147e-06
845	Q06137	1.8182340058145442e-06	1.942078645042853e-06	1.5063230431744595e-06
846	Q06147	4.603204067122194e-06	4.365501179479257e-06	5.852993174998118e-06
847	Q06178	1.7816749494609127e-06	1.700316140792603e-06	7.588465503333799e-07
848	Q06204	3.5090751884491818e-06	3.6877558971842594e-06	4.608829283513734e-06
849	Q06236	4.557993641806784e-06	5.612678696013739e-06	1.9115358335615016e-06
850	Q06321	3.992187159076015e-06	3.744895715544945e-06	4.870960306385641e-06
851	Q06346	8.613370289215506e-06	8.916730754787631e-06	1.0377078047919638e-05
852	Q06350	6.3212821443875645e-06	7.678982059531649e-06	7.3575428527276296e-06
853	Q06389	4.593800063816819e-06	5.664194487800465e-06	6.948819929703514e-06
854	Q06405	2.6442662597386144e-05	2.450253173576238e-05	3.501966751223762e-05
855	Q06408	3.2804498589460945e-06	3.1047435715889275e-06	3.1672842135739097e-06
856	Q06489	3.281508781269125e-06	3.958552311274278e-06	4.887535198598312e-06
857	Q06490	4.37102351429745e-06	4.844145933851938e-06	6.039660079243199e-06
858	Q06494	1.1444723093545557e-05	1.1713515506606774e-05	1.3262467713883475e-05
859	Q06508	1.5168439658541757e-05	1.336221513146345e-05	2.2450105686164186e-05
860	Q06510	1.945669747221146e-06	2.4227577904792253e-06	2.6560224715807007e-06
861	Q06549	3.033492207130793e-06	4.339902424700308e-06	2.176399782134585e-06
862	Q06625	7.841735623235716e-07	9.472312973749399e-07	8.539824319564731e-07
863	Q06636	8.904420832511757e-06	8.903607558295622e-06	8.390168992182411e-06
864	Q06667	1.417689235615092e-05	1.4476262678031958e-05	1.7288766412252504e-05
865	Q06685	1.0391360302867403e-06	1.0109861978045396e-06	1.4374248513876766e-06
866	Q06702	3.724540409576353e-06	4.507335224669246e-06	3.980516059486635e-06
867	Q06703	6.128815519428908e-06	7.027053180749167e-06	7.868536777601885e-06
868	Q06708	1.012225705248835e-06	1.2141689860469666e-06	8.306677722449159e-07
869	Q06817	1.054925372682306e-05	1.0424438042491088e-05	1.2194392962419671e-05
870	Q06892	1.6745438683313514e-06	2.044319488593682e-06	2.908915398174844e-06
871	Q07471	1.9439506053633676e-06	1.9363418923979762e-06	2.4362951446162127e-06
872	Q07500	2.1336345646033833e-06	4.798492220480254e-06	2.964905842941338e-06
873	Q07540	1.4859639824418678e-05	1.3240962472100976e-05	2.0873323909592197e-05
874	Q07560	3.1237093344439728e-06	3.7599229879285453e-06	3.04151896856065e-06
875	Q07648	6.241054105533501e-06	7.07693610906294e-06	5.653799771998566e-06
876	Q07729	1.465297500293602e-06	2.1478867740807187e-06	2.494123189542787e-06
877	Q07747	2.114268192836845e-06	2.4379395518537465e-06	1.424772794338535e-06
878	Q07786	5.7952034610565655e-06	5.847496375793581e-06	7.3120683532061845e-06
879	Q07804	6.190068280080351e-06	6.812202267829434e-06	8.621905421912795e-06
880	Q07830	1.1218777691068025e-06	1.1181289664601068e-06	1.1654786673677293e-06
881	Q07923	1.7771736489543915e-05	1.435630381785217e-05	2.15982523998985e-05
882	Q07938	6.398334629326147e-06	6.427120893574029e-06	6.041901225140081e-06
883	Q07950	3.714404843001457e-06	3.4862822719605427e-06	3.915796907740389e-06
884	Q07993	8.312357519890569e-06	7.882103846910675e-06	9.271226407038342e-06
885	Q08108	1.7628963009475605e-06	1.8715814126983233e-06	1.7315603875845868e-06
886	Q08220	5.3095100999940525e-06	5.099601735879746e-06	8.856088870698127e-06
887	Q08224	1.0911648272330868e-06	1.8678195698679594e-06	1.31525176399889e-06
888	Q08227	1.7816859140336903e-05	1.5037670507900913e-05	1.9298665243934152e-05
889	Q08234	8.37159648335017e-06	8.738086790086687e-06	7.162978653252895e-06
890	Q08295	2.7017801177496486e-05	2.8388011801095464e-05	2.8120565224182215e-05
891	Q08361	8.990936956495104e-06	8.775622593424755e-06	9.164287874849512e-06
892	Q08438	1.0186993521013457e-06	1.2904412129020625e-06	9.791267600898318e-07
893	Q08548	7.820918807811708e-06	8.271583899038824e-06	8.848021531936423e-06
894	Q08558	8.246561987033069e-05	8.12345588100829e-05	8.632666490567305e-05
895	Q08645	5.947427193892743e-07	1.079811375201686e-06	6.304292431539601e-07
896	Q08650	1.1163123002396931e-06	1.609343262770598e-06	1.1280667469965418e-06
897	Q08686	2.094557644862094e-06	1.0271728846548177e-06	3.226221628665245e-06
898	Q08742	2.404427657474085e-05	1.5070078790991438e-05	2.832310989527508e-05
899	Q08905	1.241904971705022e-06	1.2709959165182342e-06	7.356991904685752e-07
900	Q08908	2.1416819349534204e-06	2.4431299739662233e-06	2.404149155594879e-06
901	Q08911	4.094913558424702e-06	4.091268031509038e-06	4.372781921788944e-06
902	Q08914	3.956933359672915e-06	5.011651307254186e-06	6.5657665726464566e-06
903	Q08959	2.9615928697515412e-05	2.576585076289399e-05	3.744274043235306e-05
904	Q08975	1.2917458376823558e-05	9.02333909917188e-06	1.8125568559046794e-05
905	Q08985	1.3246021912735008e-06	2.004163940097194e-06	1.239569575244048e-06
906	Q08992	4.619787927922282e-06	5.292794672382421e-06	8.304811278149576e-06
907	Q10740	9.949382032587232e-07	1.371513370611715e-06	1.051297816669037e-06
908	Q12001	2.314309722651801e-06	2.4769640265126556e-06	2.2517210476262684e-06
909	Q12031	3.351874938990692e-05	2.7879334204515152e-05	4.172925110188624e-05
910	Q12036	7.082468604805288e-06	7.066100985434336e-06	7.667136971484307e-06
911	Q12040	3.3142130345900605e-06	2.982384456136608e-06	4.159376236119819e-07
912	Q12043	9.070183598214837e-06	8.649053769576277e-06	9.518544633813495e-06
913	Q12051	2.1937082881953896e-06	2.9512813939534814e-06	1.6490482711824273e-06
914	Q12055	8.081187180298377e-06	8.498377548308234e-06	1.042792109644677e-05
915	Q12068	9.692826923383178e-06	8.79340724193115e-06	1.4167216429138695e-05
916	Q12074	3.866206694404994e-06	5.87072207160533e-06	5.125493570602327e-06
917	Q12084	2.011760506176349e-06	3.153632159991578e-06	1.8172519654732099e-06
918	Q12109	1.863590479341844e-06	2.031638677106383e-06	2.303131814599717e-06
919	Q12122	1.58726333826102e-06	1.8147216971524058e-06	1.600101415661193e-06
920	Q12154	1.0706359090965493e-05	1.140715399373319e-05	8.537726910201352e-06
921	Q12165	2.2780726073709056e-05	2.2573557844200234e-05	2.6770038653585903e-05
922	Q12166	2.0856942296666665e-06	1.9646991374666666e-06	2.770882646813333e-06
923	Q12178	3.729259055366654e-06	5.765840088642944e-06	4.927549551724909e-06
924	Q12184	5.7211201549217825e-05	6.085605073503318e-05	5.458632948655991e-05
925	Q12189	1.1854053630818168e-06	2.4622902040840826e-06	4.3812856460133193e-07
926	Q12198	1.108084055708391e-06	1.4713919642794638e-06	8.741430461964094e-07
927	Q12205	1.056274407543326e-06	1.050481132014887e-06	7.76449747700733e-07
928	Q12209	1.4579795938615562e-06	1.9657059326299257e-06	1.4148866927346008e-06
929	Q12211	3.685011105547399e-06	3.87455544571868e-06	4.984238638396214e-06
930	Q12233	1.5291257494091167e-05	1.3791356891450507e-05	1.9533197762144725e-05
931	Q12246	3.266616651412456e-06	3.2080372315999946e-06	3.401961101596979e-06
932	Q12265	5.371506610129445e-05	5.2893266809361365e-05	4.517182537790129e-05
933	Q12271	1.6656702603987578e-06	1.7493453080110772e-06	1.5936900644370631e-06
934	Q12283	4.267469040227578e-06	4.384924324209596e-06	4.916189036910212e-06
935	Q12305	1.580112367614455e-05	1.3536137501315513e-05	1.697980637301395e-05
936	Q12320	1.5829313644528278e-05	1.9875346947805682e-05	1.6220488128051455e-05
937	Q12333	4.4259531539969304e-07	6.61709067358522e-07	9.304062131604202e-08
938	Q12349	2.4263589197331825e-05	2.162197401965572e-05	2.6330819953368065e-05
939	Q12358	6.3176109910202424e-06	5.8522172298344505e-06	7.857774381205797e-06
940	Q12362	1.658820116318157e-06	1.6340478812883822e-06	1.1495145339440301e-06
941	Q12382	5.236294942791717e-06	5.973318875447503e-06	5.8780129111152255e-06
942	Q12385	1.37960735071496e-06	2.009501434120467e-06	1.0055304711335594e-06
943	Q12390	3.6791654253703873e-06	4.396594390514198e-06	4.592873431022021e-06
944	Q12428	1.6173646382935994e-06	1.9440981301202413e-06	2.2526521354136326e-06
945	Q12429	2.314560208117217e-06	2.1394414963195237e-06	3.151105889526078e-06
946	Q12447	4.327686193696451e-06	5.077051528684195e-06	6.50663938645209e-06
947	Q12452	1.8385601231754718e-05	1.756130778951048e-05	2.1239429224114186e-05
948	Q12455	3.561757142796023e-05	3.22293277178263e-05	4.056887848776885e-05
949	Q12458	1.5460268766743203e-05	1.705036504789205e-05	1.8220426558685196e-05
950	Q12471	1.409697516357121e-06	1.928890247384616e-06	1.2046263479122645e-06
951	Q12473	5.307217128606423e-06	4.326759043926381e-06	5.7082198365755405e-06
952	Q12494	2.236895852488967e-06	1.9224705123455627e-06	3.1095975973944958e-06
953	Q12524	1.780515896751604e-05	1.6534563728108262e-05	2.7770149220835216e-05
954	Q12525	5.515638171041069e-05	6.412593425585664e-05	4.687196274054223e-05
955	Q12674	4.123270794350437e-07	4.622752505919424e-07	3.84617723133704e-07
956	Q12675	1.1252088098511545e-06	1.1507144827467894e-06	1.2100655835688509e-06
957	Q12676	4.618490545766484e-06	4.015499452661638e-06	5.952811144153309e-06
958	Q12680	9.169796944322685e-07	1.0443822960673997e-06	9.228226958455117e-07
959	Q12691	3.195834484882889e-06	3.601965192715037e-06	3.624362700482277e-06
960	Q12746	3.096508947754811e-06	3.5708994415774647e-06	2.960782708687959e-06
961	Q3E731	9.596094904006485e-06	1.1255040444755333e-05	8.8575513323656e-06
962	Q3E790	6.254760069719845e-05	7.556625554312727e-05	9.525784533842446e-05
963	Q99190	1.025036072983464e-05	1.0418771770979983e-05	1.5485408224823325e-05
964	Q99258	6.942548804565758e-06	7.772629166709679e-06	1.0690313468863525e-05
965	Q99288	1.2268583376800572e-05	1.2220332348466049e-05	1.2238878897441029e-05
966	Q99312	1.98758459832332e-06	2.4103166848922658e-06	2.8939124969806354e-06
967	Q99321	2.601748787873762e-05	2.5542009104973117e-05	2.9178672101233457e-05
